Food_Name,weight(in gram),catagory,serving,Veg _Non_Veg,Calorie,FatContent,Cholestrol,SodiumContent,CarbohydrateContent,FiberContent,ProteinContent,CalciumContent,PhosphorusContent,PotassiumContent,Food_Name_number
Iced Coffee,20,Breakfast,1,Veg,0.1,0,4.7,0,0,0,0.3,4.7,0,116.1,325
Berry ,70,Breakfast,1,Veg,1,0,0,0,0.2,0.1,0,0.5,3,3,64
Black Tea,70,Breakfast,6,Veg,1.8,0,0,0,0.5,0,0,0,0,56,91
Lemon Tea,56,Breakfast,1,Veg,2.2,0,0,0.6,0.7,0,0.3,0,0,40.2,384
Cold brew Coffee,201,Breakfast,1,Veg,2.4,0.1,0,4.7,0,0,0.3,4.7,0,116.1,196
Mint Tea,186,Breakfast,1,Veg,2.4,0,0,2.4,0.5,0,0,4.7,21,21.3,430
Ice Tea,163,Breakfast,1,Veg,2.4,0,0,7.1,0.8,0,0,0,0,87.7,324
Green Tea,253,Breakfast,1,Veg,2.5,0,0,2.5,0,0,0.5,0,0,19.6,294
Espresso,250,Breakfast,1,Veg,2.7,0.1,0,4.1,0.5,0,0,0.6,180,34,255
Chai Tea,110,Breakfast,1,Veg,4.9,0.1,0,0.8,0,0.3,0.1,5.9,0,57.7,134
Peanut,142,All,1,Veg,5.9,0.5,0,4.1,0.2,0.1,0.2,0.6,6.3,0,504
boiled shrimp,394,Lunch,1,nonVeg,6,0.1,11,47,0.1,0,1.1,4.6,3,8.5,825
Almond ,181,Breakfast,1,Veg,7.7,0.7,0,6.4,0.3,0.1,0.3,3.5,5,9.3,4
Macchiato,85,Breakfast,1,Veg,7.9,0.3,0.8,9.5,1,0,0.4,14,0,0,393
Americano,28,Breakfast,1,Veg,8.9,0.2,0,29,1.6,0,0.1,13,0,113.5,26
Lychee Sweets,147,Breakfast,1,Veg,10,0,0,0,2.5,1.8,0,4,0,67,392
Tulsi Tea,42,Breakfast,1,Veg,10,0.1,0,0.3,1.8,0.3,0.2,11.2,1.6,43.2,725
Jowar Til Nimki,42,Breakfast,1,Veg,11,0.3,0,0.4,1.8,0.3,0.3,3,8.4,6.6,336
boiled cabbage,42,Breakfast,1,Veg,17,0.1,0,6,4.1,1.4,1,36,0,147,820
Kombucha,42,Breakfast,1,Veg,18,0,14,1.6,4.5,1.3,0,2.5,0,55.3,371
Gundruk,42,All ,1,Veg,19,0.2,0,11,2.6,1.8,1.6,78,0,282,313
Infuso,42,Breakfast,1,Veg,20,0.1,4.8,0,0,0.2,0.1,17,0,45,327
Mint Flavoured Lauka Raita,40,Lunch,1,Veg,24,0.1,0,25.4,3.8,0.7,2,87.9,17.7,21.3,429
Boiled Broccoli,30,Breakfast,1,Veg,27,0.3,0,32,5.6,2.6,1.9,31,0,228.5,92
Pinwheel Sandwiches,474,Lunch,1,Veg,28,0.5,1.2,10.4,10.5,0,0.8,1.1,0.2,0.7,512
Cucumber ,426,Breakfast,1,Veg,30,0.2,0,4,7.3,1,1.3,3.2,0,295,201
Nepal Tierno,406,Breakfast,1,Veg,31,0.3,0,23,5.6,4.2,1.7,2,0,34,470
Palak Paneer,288,Lunch,1,Veg,31,2.3,0,24.3,1.7,1.1,0.9,43.5,10.3,93.3,487
Spinach Raita,40,Lunch,1,Veg,32,0.2,0,50,4.4,0.5,3.1,133.6,23.8,43.8,658
Instant Mango Pickle,406,Breakfast,1,Veg,32,1.7,0,277.4,2.5,0.5,0.1,2.9,3,42.2,328
Grape,100,All,1,Veg,34,0.1,0,1,8.9,0.4,0.4,4.9,6,93.6,286
Broccoli,100,Lunch,1,Veg,35,0,0,41,7,3,2,40,237.5,63,96
Pasta and Vegetable Salad,100,Lunch,1,Veg,35,0.2,0,9.5,6.9,1.2,1.5,31.5,56.3,116.5,501
Momos,237,Breakfast,1,Veg,36,2.2,0.11,0.11,7.2,0.4,3.4,3.6,20.7,467,442
Turkish Coffee,246,Breakfast,1,Veg,36,0.1,0,4.9,8.6,0.1,0.3,5.7,0,119,734
Chocolate,30,Breakfast,1,Veg,37,2.1,1.6,5.5,4.2,0.2,0.5,13,43,26,182
Steamed Asparagus,237, Lunch,1,Veg,40,0.5,0,60,10,4,2.5,30,40,80,668
Cucumber Salad,85, Lunch,1,Veg,40,0.5,0,60,8.5,2.8,1.6,30,40,80,207
Tomato Chutney,35,Lunch,1,Veg,40,0.4,0,46.7,9,0.7,0.8,152.7,73.3,1.9,720
Hibiscus Iced Tea,157,All,1,Veg,40,0,0,5,10,1,0.5,10,20,30,318
pineapple ,85,All,1,Veg,41,0.1,0,0.8,11,1.2,0.5,11,67,89.9,879
Low Fat Mawa,68,Lunch,1,Veg,44,0.2,0,50.1,7,0.2,3.7,153.6,31.2,7.7,391
Spicy Broccoli Subzi,100,Lunch,1,Veg,45,0.3,0,11.6,8,1.6,3.3,54.1,67.6,196.2,651
Watermelon,251,Breakfast,1,Veg,46,0.2,0,7.6,11,2,0.9,22.6,41.6,103.3,791
Jowar Roti,120,Lunch,1,Veg,49,0.3,0,1,10.2,1.4,1.5,3.5,31.1,18.3,335
Steamed Green Beans,182, Lunch,1,Non Veg,50,1,0,70,10.5,3,2.5,30,40,80,673
Steamed Broccoli,140, Lunch,1,Veg,50,0.5,0,70,10,4.5,3.8,30,40,80,670
Strawberry,49,Breakfast,1,Veg,50,0.5,37.4,282,11,0,1,295,142,173,677
Zucchini Noodles,165, Lunch,1,Veg,50,1,0,80,10,3.5,2.5,30,40,80,803
Lemon Ginger Detox All,175,All,1,Veg,50,0,0,10,12,2.5,1,20,30,60,380
Pomegranate Green Tea,83,All,1,Veg,50,0.5,0,10,12,2,1,20,30,50,518
Arhar ko Dal,145,Lunch,1,Veg,53,1.2,0,0.1,8,2.5,1.4,68.7,30.8,127.9,29
Papaya,336,Breakfast,1,Veg,55,0.3,13.3,49.7,14,7,0.5,52.7,172.3,401.4,499
Watermelon and Wheat Grass Juice,85,Breakfast,1,Veg,55,0.5,0,141.4,11.8,1.9,0.8,57.2,34.8,514.5,794
Cabbage Salad,100,Lunch,1,Veg,58,2.7,0,16.8,6.6,2.7,1.7,44.8,40,174.1,115
Lemon Cucumber Cooler,201,All,1,Veg,60,0.5,0,20,15,3,1,20,30,50,379
Coconut Chutney,13,Lunch,1,Veg,60,5.5,4.2,170.5,4,2.2,0.6,39.4,65.1,119.3,192
Cucumber Rolls,14,Breakfast,1,Veg,60,0.5,0,80,12.3,3.6,2.7,30,40,80,205
Masala Papad,1,Lunch,1,Veg,60,3.5,0,19.5,7.5,5.7,3.5,155.3,268.8,238.2,409
Aloo Tikki,28,Lunch,1,Veg,60,3.5,0,8.4,12.5,5.3,3.5,24.2,133.6,190.8,23
hard boiled egg,19,All,1,nonVeg,60,4,165,60,0,0,6,30,0,60,849
Vegetable Broth,45,All,1,Veg,60,1.5,0,100,12,2.5,2.5,30,40,70,754
Watermelon Cucumber Juice,2,All,1,Veg,60,0.5,0,10,15,1.5,1,20,20,40,792
Chia Seed Lemonade,236,All,1,Veg,60,1.5,0,15,10,3,1,20,30,50,150
Palak Kadhi,47,Lunch,1,Veg,61,0.7,0.1,44.4,9.9,2,3.6,95.3,42.3,124.6,486
Aloo Puri,200,Lunch,1,Veg,61,4,0,0.8,5.5,0,0.8,1.8,0,12.6,20
Dragon fruit,207,All,1,Veg,61,0.5,0,3,15,3,1.1,34,66,312,234
dahi puri,258,Breakfast,1,Veg,62,2.2,0,0,8.8,1.4,1.8,0,0,0,838
papaya,206,All,1,Veg,62,0.4,0,12,16,2.5,0.7,29,44,263.9,876
Grapes,185,Breakfast,1,Veg,62,0.2,0,3,16,12.1,0.6,148.1,471.8,415.1,287
Orange,304,Breakfast,1,Veg,62,0.2,0,82.9,15,1.2,1.2,120.4,60.9,140.3,477
Cheese Broccoli Tikki,68,Lunch,1,Veg,63,4.4,4.5,58.6,4.3,0.4,1.7,48.5,40.9,63.5,142
Bharwa Lauki,137,Lunch,1,Veg,63,2.8,0,22.5,7.6,3.3,1.7,91.3,35,209.8,73
 Honey,158,Breakfast,1,Veg,64,0,0,0.8,17,0,0.1,1.3,297.3,10.9,0
Carrot,85,Breakfast,1,Veg,64,0.4,0,108,114,4.2,1.6,42,0,424,120
soya chunks,235,Lunch,5,Veg,65,0,0,10,6,4,10,32.5,0,56,893
Garlic pickle,130,Breakfast,1,Veg,66,6.5,0,221.6,1.8,0.1,0.1,6.8,1.2,23.2,276
Honey Ham,120,Breakfast,1,Veg,67,1.3,12,495,4,0,9.9,3.3,167.4,90.8,320
kadima ko sabji,27,Lunch,1,Veg,67,3.8,0,4.9,6.7,6,1.6,7.1,18.7,4.8,851
Peach,140,All,1,Veg,68,0.4,0,0,17,2.6,15,11,33,332.5,503
Lassi,513,Breakfast,1,Veg,69,17.6,1,3,3.2,2.9,5.7,17.3,0,0,378
Orange,210,All,1,Veg,69,0.2,0,1.4,18,3.1,1.3,60,45,232.4,477
Masala Karela ,205,Lunch,1,Veg,69,2.9,0,10.8,8.5,3.4,2.3,33.4,70.7,172,408
Cucumber Mint Cooler,72,All,1,Veg,70,0.5,0,20,15,3,1.5,20,30,50,203
Cauliflower Rice,32, Lunch,1,Veg,70,1,0,90,15.5,4.2,3.5,30,40,80,129
Miso Soup,56,All,1,Veg,70,2.5,0,150,10,1.5,5,40,50,100,433
Matcha Green Tea,119,All,1,Veg,70,2,0,60,10,2,1.5,20,30,50,417
Rava idili,113,Breakfast,1,Veg,70,1,0,110,13,1,2,0,0,0,604
Raita,70,Lunch,1,Veg,70,3,0,19.5,6,0.3,3,137.9,119.5,124.7,581
French Bean and Chana Dal Stir Fry,101,Breakfast,1,Veg,70,2.9,0,8.2,8.3,2.5,2.8,52,47.5,158.1,263
Roasted Asparagus,100, Lunch,1,Veg,70,1.5,0,100,8.5,4,3.2,30,50,100,608
Baigan ko Bharta,140,Lunch,1,Veg,70,4.7,0,7.5,5.7,4.7,1.2,28,97.6,143,42
Kachumber Salad,35, Lunch,1,Veg,70,1,0,80,15,3,2.5,30,40,80,339
Sev Puri,2.5,Lunch,1,Veg,71,9.5,0,4.9,18.3,0.7,2.5,17.5,18.7,95.5,638
Moong Dal Methi Sabzi,100,Lunch,1,Veg,71,2.1,0,18.6,9.3,2.8,3.8,37.3,51.5,146.8,448
Gajar Soup ,44,Lunch,1,Veg,71,0.2,0,47.8,14,3.8,3.1,128.2,426.1,144.4,274
Rasam,75,Lunch,1,Veg,75,1,0,0.3,15,4.3,2,31.2,33.7,164.6,597
tofu,136,Lunch,1,Veg,76,4.8,0,3.6,1.1,0.9,9.1,257,0,118.3,900
Methi Thepla,158,Lunch,1,Veg,76,4,0.2,3.1,8.9,1.5,1.5,11.1,44,38.7,426
Strawberry Pineapple Juice,78,Breakfast,1,Veg,77,0.3,0,29.9,17.5,4.3,0.9,42.8,33.7,164.6,678
Fried Tofu,112,Breakfast,1,Veg,77,5.7,0,4.5,2.5,1.1,5.3,105,0,0,266
boiled egg,100,Breakfast,1,Non Veg,78,5.3,187,62,0.6,0,6.3,25,0,63,822
Steamed Asparagus with Lemon,100,Lunch,1,Veg,80,2,0,100,10,5,3,40,60,100,669
Tomato Basil Soup,112,All,1,Veg,80,2,0,110,15,2.5,3,30,40,70,719
Gazpacho,140,All,1,Veg,80,2,0,120,15,3,2,30,40,80,277
Filter Coffee,143,Breakfast,1,Veg,80,1,4.2,12.2,14,3.4,1,442.5,0,398,258
Tamarind Chutney,142,Lunch,1,Veg,80,0.5,4,26.3,20,0.4,0.5,70.2,156.8,255.9,694
Broccoli Slaw,100, Lunch,1,Veg,80,1.5,0,100,15,4.5,3.2,30,50,90,98
Baked Kale Chips,20,Breakfast,1,Veg,80,3,0,120,10.5,4,3.5,30,40,80,51
Kale Chips,178,Breakfast,1,Veg,80,1.5,0,90,10,4,5,30,40,80,352
Pineapple,304,Breakfast,1,Veg,82,0.2,4.5,58.6,22,2.3,0.9,21,1.3,322,510
sweet corn chaat,237,Breakfast,1,Veg,82,1.1,0,0,17.9,2.2,2.6,0,0,0,896
Pomegranate,237,Breakfast,1,Veg,83,1.2,0,8.8,18,0.4,1.7,48.5,40.9,63.5,517
Bhindi Masala,238,Lunch,1,Veg,83,1.4,0,15.7,14.2,3.6,3.6,73.2,77.3,188.8,78
Papaya Pineapple Juice,245,Breakfast,1,Veg,83,0.2,0,37.5,19,3.4,1.2,40.4,25.7,127.3,500
Dam Aloo,215,Lunch,1,Veg,83,3,0,0.45,13,0,1,0,97,0,226
Grilled Fish,40,Lunch,1,Non Veg,84,1.2,60,95,0,0,17,45,0,312.5,299
Broccoli Paratha,114,Lunch,1,Veg,84,5.2,0,2.8,8.1,1.3,1.5,10.7,44.3,50.8,97
Stuffed Tomato,100,Lunch,1,Veg,85,3.4,3,3.8,110,0.3,2.1,402.1,74.6,87,685
Vegetable Korma,40,Lunch,1,Veg,88,5.3,0,1.7,8.7,2.9,1.4,47.1,89.6,161.8,759
Chicken Wings,127,Lunch,1,Non Veg,88,6.5,22,105,2.6,0.1,4.5,5.3,0,45.9,170
Oats roti,129,Lunch,1,Veg,88,3.5,0,3.1,12.3,2,2.3,10.8,62.4,62.5,475
dahi vada,37,Breakfast,1,Veg,89,5,4.1,144,7.8,2.4,3.8,48,5,182.6,839
Masoor Dal Water,53,Lunch,1,Veg,89,0.2,0,1.8,15.3,2.7,6.5,17.9,76.2,150.3,413
Medu Vada,100,Lunch,1,Veg,90,7.5,0,31.3,12.5,3.4,3.5,34,118.4,201.4,420
Sarson ko saag,100,Lunch,1,Veg,90,3,0,0.38,6,3,11,0,56,0,629
Grilled Zucchini,88, Lunch,1,Veg,90,2.5,0,120,12.5,3.8,4.2,40,60,110,310
Tomato Soup,100,Breakfast,1,Veg,90,2.7,7.5,38.6,12.5,2.4,3.9,50.7,20.9,268.9,723
Cauliflower Mash,160, Lunch,1,Veg,90,2,0,120,15,3,4,30,40,70,125
Cucumber Gazpacho,50,Breakfast,1,Veg,90,2,0,100,10,3,4,30,40,60,202
Grilled Portobello Mushrooms,80,Lunch,1,Veg,90,3,0,150,10,4,6,40,80,150,300
Roti,281,Lunch,1,Veg,90,3.5,0,6.2,17.5,2.8,3.5,35.8,70.3,97.1,616
Watermelon Gazpacho,94,All,1,Veg,90,2,0,110,15,2.5,3,40,50,90,793
Carrot Ginger Soup,206,All,1,Veg,90,2.5,0,130,15,3,3.5,30,40,80,121
Spinach Soup,93,Breakfast,1,Veg,91,5.7,15.3,66.7,5.3,1.2,2.6,120.4,60.9,140.3,661
Samosa,129,Breakfast,1,Veg,91,6,0,5.5,7.9,1.6,1.4,13.1,34.3,71.7,625
Kaju barfi,235,Breakfast,1,Veg,92,4.5,0,1.8,12,0.3,1.5,4.8,556,56.2,346
Milk Tea,113,Breakfast,1,Veg,92,4,12,52,11,0,3.8,138,0,198,427
chana sundal,106,Breakfast,1,Veg,92,2.7,0,4.9,14.5,0.5,4.1,20,0,84.4,827
Capsicum aloo,283,Lunch,1,Veg,93,3.4,2.9,6.8,12.8,0.4,1.5,78,70,89,118
sev puri,139,Breakfast,1,Veg,94,5.1,0,215,11,1.6,1.9,15,0,142,891
Broccoli Soup,100,Breakfast,1,Veg,94,5.9,8,13.4,7.3,0.6,3.4,143.4,105.7,156.3,99
Apple,202,Breakfast,1,Veg,95,0.4,8,13.4,25,2.4,0.5,50.7,20.9,268.9,28
Apple,202,All,1,Veg,95,0.3,0,32,25,4.4,0.5,11,0,194.7,28
punjabi samosa,50,Breakfast,1,Veg,95,4,0,175,12,0.5,1.5,9,0,66,883
Moong Daal ko Pani,236,Breakfast,1,Veg,97,0.3,0,7.6,16.8,2.3,6.9,21,1.3,322,444
Rum,58,Lunch,1,Veg,97,0,0,0.4,0,0,0,0,0,0.8,617
whisky,71,Lunch,1,Veg,97,0,0,0.4,0,0,0,0,0,0.8,906
Tequila,28,Lunch,1,Veg,97,0,0,0.4,0,0,0,0,0,0.8,701
gin,184,Lunch,1,Veg,97,0,0,0.4,0,0,0,0,0,0.8,847
Vodka,108,Lunch,1,Veg,97,0,0,0.4,0,0,0,0,0,0.4,787
Methi Oats Roti,143,Lunch,1,Veg,98,1.5,0,6.2,18,3.2,3.2,21.6,88.9,83.6,424
Butter milk,195,Breakfast,1,Veg,98,2.2,9.8,466,12,0,8.1,284,0,370,111
Chana ko Daal,121,Lunch,1,Veg,99,3.2,5,28.8,12.8,1.5,4.5,4.2,33.7,27.3,139
Rasam,131,All,1,Veg,100,3,0,300,15,2,4,20,40,100,597
Cucumber and Tomato Salad,227,All,1,Veg,100,3,0,150,15,3,4,30,80,100,208
Stir-Fried Broccoli with Garlic,129,Lunch,1,Veg,100,3,0,150,15,6,5,60,80,150,674
Raita,160, Lunch,1,Veg,100,4.2,10,120,10.5,2.3,3.6,30,50,80,581
Carrot Soup,100,Breakfast,1,Veg,100,2.5,0,110,12,3,3.5,30,40,70,122
Green Detox Soup,40,All,1,Veg,100,2.5,0,120,15,4,4,40,50,90,291
Green Smoothie,40,All,1,Veg,100,1,0,120,20,6.3,5,50,70,150,293
Bael Sherbet,100,All,1,Veg,100,1,0,80,25,4,3,40,50,70,39
Moong Dal ko Chaat,100,Breakfast,1,Veg,100,0.4,0,10.8,18.8,3.3,5.5,43.8,78.6,320.4,450
Idli,100,Breakfast,1,Veg,100,1,0,150,20,2,3,30,60,80,326
Veggie Soup,100,Breakfast,1,Veg,100,2.5,0,130,15.3,3.6,5.8,40,60,100,781
dhau,285,Breakfast,1,Veg,100,1,1,5,1,0,50,0,0,26,841
Green Bean Salad,100, Lunch,1,Veg,100,4,0,120,15,3.5,4.5,30,40,80,290
Dal Makhani,100,Lunch,1,Veg,100,1.6,0,19.3,15.9,4.3,5.7,86.7,91.6,272.8,219
Pumpkin Soup,100,Breakfast,1,Veg,100,2.5,0,110,12,3.5,4,30,40,70,531
Pani Puri,100,Breakfast,1,Veg,100,5,0,200,15,1,3,10,20,50,496
Matcha Latte,161,All,1,Veg,100,3,0,70,15,2.5,3.5,40,50,90,418
Besan k Khaddi,141,Lunch,1,Veg,100,5.1,0,33.9,15,3.4,2.9,17.3,161.4,132,68
Kakro Ko Achar,225.9,All,1,Veg,100,3,0,200,20,3,2,10,40,80,348
Wheat Roti,55,Lunch,1,Veg,100,1,0,19.5,20,0.5,3,44,161,355,795
Creamy Broccoli Soup,71,All,1,Veg,100,3.5,0,120,15,3,4,40,50,80,200
Turmeric Latte,100,All,1,Veg,100,3,0,80,15,2,4,40,50,90,735
Pakistani Chai,100,All,1,Veg,100,3.5,10,120,15,1,2,20,30,60,481
Vietnamese Coffee,100,Breakfast,1,Veg,100,2.5,8,30,17,0,2,80,0,105,786
aloo pakoda,100,Breakfast,1,Veg,100,1.3,0,115,17.5,2.5,4.4,13.5,0,290,808
Tongba,100,All,1,Veg,100,0.5,0,20,10,1,2,10,20,30,724
Medu Vada,100,Lunch,1,Veg,100,4,0,33.9,15,3.4,3,17.3,97.6,132,420
Baked Bread Rolls,100,Lunch,1,Veg,101,4.3,6.3,56.3,12.9,0.5,2.8,24.6,24.5,16.7,46
Rajma ko tarkari,247,Lunch,1,Veg,102,3.4,0,15.6,10.7,0.7,1.6,17.5,90,95.5,595
Butter,200,All,1,Veg,102,12,31,91,0,0,0.1,3.4,45,3.5,108
Methi Paneer Paratha,163.4,Lunch,1,Veg,103,1.8,0,17.1,18.9,3.3,3.8,54.1,91.8,78.3,425
Aloo Baigan mix,100,Lunch,1,Veg,103,4.7,0,0.3,32.3,4.3,1.3,42.8,1.6,164.6,7
sweet potato,40,Breakfast,1,Veg,103,0.2,0,41,24,3.8,2.3,43,0,541.5,897
Multigrain Roti,150,Lunch,1,Veg,104,3.3,0,6.2,16.2,2.8,2.7,35.8,70.3,97.1,454
Banana,200,Breakfast,1,Veg,105,0.4,15.3,66.7,27,0.6,1.3,143.4,105.7,156.3,57
Tandoori Paneer Tikka,250,Lunch,1,Veg,105,7.3,2,5.8,5,0.7,4.2,125.5,86.8,45.5,697
Aloo Curry,200,Lunch,1,Veg,105,5,0,16.8,14.4,20.2,1.2,59,131,114,11
Scotch,100,Lunch,1,Veg,105,0,0,0,0,0,0,0,0,0.4,635
Banana,130,Breakfast,1,Veg,105,0.4,0,1.2,27,3.1,1.3,5.9,56,0,57
Sada Dosa,100,Lunch,1,Veg,106,2.7,0,3.1,17.8,0.7,2.6,10.8,50.2,69.2,619
Rasgulla Mithai,100,Breakfast,1,Veg,106,3.3,5,28.8,14.8,3.3,2.4,105.1,69,79.5,599
Barley(Jau) khichidi,1,Lunch,1,Veg,110,3,0,9.6,17.7,2.5,3.5,38.5,77.4,244,60
Beetroot Smoothie,7,All,1,Veg,110,2,0,80,25,3.5,2.5,30,40,70,63
Cabbage Soup,5,Breakfast,1,Veg,110,3,0,120,15,4.5,5,40,50,90,116
Butternut Squash Soup,150,All,1,Veg,110,3,0,140,18,3.5,2.5,40,50,80,113
Sambar,211,Lunch,1,Veg,110,2,0,29.9,20,3.4,3,40.4,25.7,127.3,624
Lentil Vegetable Soup,134,All,1,Veg,110,2.5,0,120,18,5,5.5,50,60,110,387
Quinoa Spinach Soup,45,All,1,Veg,110,3,0,130,15,3.5,4.5,40,50,90,558
Ginger Carrot Soup,45,All,1,Veg,110,3,0,130,15,3.5,4,40,50,90,281
Dry Fruits ,110,Breakfast,1,Veg,110,0.2,0,10,1.1,3.5,1.1,16,44,348.5,235
Butter Naan,150,Lunch,1,Veg,110,6.9,0.2,1.6,10.1,0.2,1.7,15.9,23.4,22.9,110
Moong Soup,36,Lunch,1,Veg,110,1.7,0,8.1,16.9,4.9,7,39.2,94.4,255.9,451
Carrot Turmeric Soup,56,All,1,Veg,110,3,0,130,15,3.5,4.5,40,50,90,123
Eggplant Dip,43, Lunch,1,Veg,110,3.5,0,140,15,3,4.5,30,40,70,253
Dalia Upma,43,Lunch,1,Veg,111,2.9,0,5.8,18.8,1.7,2.6,25.1,128.8,90.2,224
Broken wheat Upma,56,Lunch,1,Veg,111,2.9,0,5.8,18.8,2.9,2.6,25,128,90,102
Tuna ,78,Breakfast,3,Non Veg,111,0.5,40,46,0,0,25,3.4,0,447.9,726
Guava,167,All ,1,Veg,112,1.6,0,3.3,24,8.9,4.2,30,44,688.1,311
Baigan Bharta ,95,Lunch,1,Veg,112,9.2,0,7.1,6.1,2.5,1.1,39,36.8,151.9,40
Ghee,245,All,1,Veg,112,13,33,0.3,0,0,0.5,0.5,665,0.5,278
batata vada,96,Breakfast,1,Veg,112,6,0,211,13,0.9,1.7,8,45,138,818
Veg salad,50,Breakfast,1,Veg,114,6.8,5.3,375,11,2.7,3.7,97,0,334.7,749
sandesh,95,Breakfast,1,Veg,114,6.6,16.1,19.2,9,0.1,4.5,213.5,133.9,94.5,888
Broccoli and Baby Corn Stir Fry,150,Breakfast,1,Veg,115,8.5,0,3,8.5,2,1.8,22.6,41.6,103.3,100
Eggless Chocolate Brownie,125,Breakfast,1,Veg,115,7,14,73.6,12.4,0.8,1.8,13.6,39.6,58.4,250
Yomari,75,Breakfast,1,Veg,115,7,2,60,22,0.1,15,70,0,60,799
Dal Roti,40,All ,1,Veg,116,2.4,0,103,21,3.9,4.6,13,0,158,222
Dal Makhani,45,Lunch,1,Veg,117,1.3,32.2,3.8,14,6,6.8,42.8,1.6,0,219
boiled potato,150,All,1,Veg,118,0.1,0,5.4,27,2.4,2.5,6.8,0,515.4,823
Potato Wedges,130,Lunch,1,Veg,118,7.6,0,5.7,11.7,0.9,0.8,5.2,20.7,127.8,524
"Palak, Methi and Corn Subzi",50,Lunch,1,Veg,119,6.7,4,34.9,10.6,2,3.5,125.3,75.8,191.3,488
Pulao,40,Lunch,1,Veg,119,3.4,4.2,0.1,19,0.4,3.2,59,131,0,528
Vegetable Detox Soup,45,All,1,Veg,120,3.5,0,140,20,6,4.5,40,50,100,756
Kale Pesto Soup,35,All,1,Veg,120,3.5,0,140,15,3.5,4.5,40,50,90,353
Gajar Ko Achar,80,Breakfast,1,Veg,120,3,0,150,20,3,2,30,40,80,272
Fruit Salad,160,All,1,Veg,120,1,0,90,30,5.5,1.7,30,40,80,268
Dahi Puri,135,Breakfast,1,Veg,120,5,0,150,15,1,3,10,30,50,214
Cucumber Mint Smoothie,140,All,1,Veg,120,3,0,80,20,4,3,30,40,70,204
Popcorn,275,Breakfast,1,Veg,120,2.7,0,153,20,4,3.6,3.1,68.3,0,520
Chia Seed Pudding,5,Breakfast,1,Veg,120,4,0,100,15,8,3,80,90,120,151
Spinach Salad,131,All,1,Veg,120,5,0,150,10,4,6,80,100,200,659
Vegetable Soup,202,All,1,Veg,120,3,0,200,25,5,5,40,80,120,765
chicken breast,120,Lunch,1,nonVeg,120,2,45,210,0,0,13,24,0,76,828
Roasted Vegetable Medley,240, Lunch,1,Veg,120,3,0,150,15,4.5,5.5,40,50,100,611
Vegetable Lentil Soup,300,All,1,Veg,120,2,0,250,20,8,6,50,70,200,760
Cappuccino,120,Breakfast,1,Veg,120,4.6,18,116,12,0,7.6,276,0,388.3,117
Almond Salad,230, Lunch,1,Veg,120,5.5,0,130,10,2.5,5.5,30,40,80,6
Mixed Berry Smoothie,180,All,1,Veg,120,2,0,100,30,5,3,60,70,100,435
Yak Butter Tea,319,All,1,Veg,120,4.5,10,140,10,1.5,3,20,30,60,798
mango smoothie,250,Breakfast,1,Veg,120,2.1,7,54,22,1.6,4.5,144,0,336,861
Chickpea Soup,100,Breakfast,1,Veg,120,3,0,140,18,5,6.5,40,50,90,174
Cauliflower Potato Soup,45,All,1,Veg,120,3.5,0,140,20,4,4.5,30,40,80,128
Spinach Smoothie,220,All,1,Veg,120,2.5,0,80,20,4.5,6.3,50,70,150,660
Masoor Dal Soup,300,All,1,Veg,120,2.5,0,140,18,5,6,50,60,110,412
Spinach and Lentil Soup,80,Breakfast,1,Veg,120,3.5,0,160,20,6,7.5,50,70,150,664
Mango Chutney,200,Lunch,1,Veg,120,0,0,100,30,2,1,10,20,50,399
Minestrone Soup,90,All,1,Veg,120,2.5,0,140,20,5,5.5,50,60,110,428
Quinoa Vegetable Soup,250,All,1,Veg,120,3,0,140,20,4,5,40,50,90,568
Methi Aloo,40,Lunch,1,Veg,121,8.1,0,0.2,16,7.7,2.2,31.2,0,362,422
kalakand,210,Breakfast,1,Veg,121,7.9,0,3.5,8.8,0,3.8,137.7,90,9.8,852
Bajra Roti,280,Lunch,1,Veg,123,3.8,0,3.4,19.1,3.2,3.3,12,85.2,86.3,45
Sel Roti,90,Breakfast,1,Veg,123,8.4,14,0.4,12,0.2,0.6,2.5,0,9,637
Masoor Dal,150,Lunch,1,Veg,124,1.4,2.7,14.7,19.1,2.9,8,86.1,109.4,181.2,411
Tandoori Roti,200,Lunch,1,Veg,125,3.5,0,46.7,22.5,4.5,3.5,70.2,156.8,255.9,698
Idli,80,Lunch,1,Veg,125,3.5,96,114,22.5,0.1,7.5,426.3,262.4,193.5,326
Red wine,250,Lunch,1,Veg,125,0,0,5.9,3.8,0,0.1,12,0,186.7,605
Rasgulla,55,Breakfast,1,Veg,125,3.5,42,170.5,22.5,0,3.5,152.7,73.3,1.9,598
Bhindi Masala,150,Lunch,1,Veg,125,7.5,0,78,12.5,1.1,7.5,9.8,26,156.6,78
Rasmalai,90,Breakfast,1,Veg,125,7.5,0,24.3,17.5,0.5,7.5,133.6,23.8,43.8,600
Raggi Mudai,26,Lunch,1,Veg,125,5.3,0,19.5,22.5,3.5,5.3,63.6,65.1,398,580
Mysore Pak,61,Lunch,1,Veg,125,7.5,0,6.2,22.5,2.6,3.5,128.9,104.4,232.1,466
Chicken Kebab,250,Lunch,1,Non Veg,125,7.5,22.5,85.5,3.5,4.6,12.5,45.5,104.2,376.6,160
Gulab Jamun,175,Breakfast,1,Veg,125,2.8,0,0.1,22.6,0,2.3,101.8,48.9,1.3,312
Vada,160,Lunch,1,Veg,125,4,0,7.5,20,4.7,4,28,131,143,739
Puliyodarai,28,Lunch,1,Veg,125,6,4.2,12.2,22.5,3.5,6,70.2,133.9,193.5,529
Dosa,200,Lunch,1,Veg,125,3.5,3,3.8,22.5,1,3.5,47.1,74.6,161.8,233
Pork Ribbs,95,Breakfast,1,Non Veg,126,11,37,32,0,0,7.3,6.7,86,92.8,523
Modak,85,Breakfast,1,Veg,126,4.4,0,1.9,20.1,1.6,1.2,9.4,39.1,43.7,440
Rajma and Urad Dal,120,Lunch,1,Veg,126,2.5,0,15.7,19.1,3.7,6.7,63.6,114.2,318.4,594
methi thepla,240,Breakfast,1,Veg,128,7.1,0.8,171,14,1.9,2.8,18,467,114.6,865
Broccoli and White Bean Soup,36,Breakfast,1,Veg,130,3,0,150,18,4.5,6.2,40,50,100,101
Green Tea Smoothie,500,All,1,Veg,130,3,0,80,20,4,4.5,30,40,70,295
Idli,276,Lunch,1,Veg,130,0.4,0,10.8,27,1.5,4,11.1,44,38.7,326
Spinach Kale Smoothie,70,All,1,Veg,130,3,0,90,20,4,5,60,70,120,655
Walnuts,63,Breakfast,1,Veg,130,13,0.2,0,3,1,3,20,0,90,790
Chia Seed Smoothie,63,All,1,Veg,130,4,0,100,25,6,5,70,80,120,152
Spicy Pumpkin Soup,250,All,1,Veg,130,3.5,0,150,18,4,5,50,60,110,653
Mango Smoothie,175,All,1,Veg,130,1.5,0,70,30,3.5,3,40,50,110,403
Kale Apple Smoothie,100,All,1,Veg,130,3.5,0,90,20,4.5,3.5,40,50,80,350
Vegetable Quinoa Soup,115,Breakfast,1,Veg,130,2.5,0,160,18,4.2,6.5,50,60,100,763
Coconut Curry Soup,67,All,1,Veg,130,4,0,150,20,4,4.5,50,60,110,193
Dal Moghlai,210,Lunch,1,Veg,130,2.6,0,16.5,19.8,4.6,6.7,45.5,104.2,376.6,220
Vegan Lentil Soup,143,Breakfast,1,Veg,130,3.5,0,160,20,6.8,7.8,50,70,150,751
Mushroom Soup,335,Breakfast,1,Veg,130,4,0,150,15,4.5,6.5,40,50,80,458
Lemon Quinoa,330, Lunch,1,Veg,130,3.5,0,150,20,3.5,4.5,40,50,80,382
Thai Tea,150,Breakfast,1,Veg,131,7,0,30,16,0,1.9,0,0,135,702
Paneer Tikka,70,Lunch,1,Veg,132,1.6,0,46.7,24,3.7,6.2,137.9,119.5,124.7,493
Coconut Flour Pancakes,40,Lunch,1,Veg,132,7.5,0,0.1,3.7,3.5,4.7,15.1,55.1,0.9,194
Dosa,330,Lunch,1,Veg,133,2,0.2,3.1,26,2.5,2.6,52,47.5,158.1,233
Tomato Shorba,55,Lunch,1,Veg,133,8.5,0,17.5,12.3,2.3,1.5,65.6,32.7,187.9,722
Creamy Almond Soup,176,Lunch,1,Veg,134,9.5,0,49.6,7.8,0.7,2.7,85.3,0,90.9,199
Aloo Beans mix,300,Lunch,1,Veg,134,8.7,0,7.9,34.3,0.3,2.4,11.2,45,43.2,8
Pineapple Kale Smoothie,140,All,1,Veg,140,3,0,90,25,5,3.5,40,50,80,511
Quinoa Stuffed Tomatoes,60,Breakfast,1,Veg,140,3.5,0,160,18,4.5,6.2,40,50,100,563
Chickpea Spinach Salad,160, Lunch,1,Veg,140,4,0,160,20,4.5,6,30,40,80,176
Veggie Lentil Soup,315,Breakfast,1,Veg,140,3.5,0,160,20.5,6.2,7.8,40,50,100,772
Lentil Salad,82, Lunch,1,Veg,140,4,0,180,20.5,6.8,8,50,70,150,385
Chukauni,90, Lunch,1,Veg,140,3.5,0,160,18,3,5,40,50,100,188
Khichu,90,Breakfast,1,Veg,140,2.5,0,160,30,4,5,40,50,90,367
Berry Smoothie,25,All,1,Veg,140,3.5,0,110,30,6,4,70,80,140,66
Mango and Spinach Salad,34,All,1,Veg,140,3,0,150,25,4,5,50,80,100,405
Kwanti,280,Breakfast,1,Veg,140,6,0,32,26.4,0,7.2,78,0,228.5,375
Chickpea Salad,230, Lunch,1,Veg,140,5,0,150,20,5,6.5,50,60,110,173
Quinoa Tabouleh,210, Lunch,1,Veg,140,4.5,0,160,20,4.5,5.5,40,60,100,566
aloo sabzi,35,Breakfast,1,Veg,141,2.7,0,217,27,3.8,3.5,32,554,643.3,813
boiled chicken breast,300,Lunch,1,nonVeg,142,3.1,73,64,0,0,27,13,86,220.2,821
Makai Shorba,265,Lunch,1,Veg,142,6.6,9.6,17.6,17.3,2,4.7,144.6,132.8,216.4,394
Atta ko Malpuwa,280,Breakfast,1,Veg,144,10.2,0,1.7,12.5,1.1,1,4.2,30.8,27.3,30
Mango Kulfi,210,Lunch,1,Veg,144,5.5,13.3,20.1,15.2,0.2,3.8,178.9,113.8,112.5,400
Malpua,85,Breakfast,1,Veg,144,10.2,0,1.7,12.5,1.1,1,4.2,30.8,27.3,397
Oats,290,Lunch,1,Veg,147,2.5,12.8,16.1,27,0.1,5.9,7.5,40.4,43.7,473
Dahi Chana ko Subzi,125,Lunch,1,Veg,149,6.6,8,39.2,13,2.6,6.7,128.9,104.4,232.1,212
Coconut Lentil Soup,100,All,1,Veg,150,4.5,0,170,20,5,6,50,60,110,195
Gundruk,30,Lunch,1,Veg,150,4,0,300,20,6,8,45,60,100,313
Gajar Ka Achar,290, Lunch,1,Veg,150,3.5,0,170,18,3,7.5,50,60,120,271
Cottage Cheese with Berries,150,Breakfast,1,Veg,150,4,10,150,15,2,12,100,120,150,198
Tandoori Roti,115,Lunch,1,Veg,150,2,0,300,30,5,4,20,60,100,698
Palak Paneer,216,Lunch,1,Veg,150,10,3,3.8,8,0.3,10,402.1,70,87,487
Veggie Wrap,280,Breakfast,1,Veg,150,4,0,200,20,5,10,40,100,150,785
Quinoa Citrus Salad,155, Lunch,1,Veg,150,3.5,0,170,25,5,6,50,60,120,545
Broccoli Soup,170,All,1,Veg,150,5,0,200,15,4,8,50,70,120,99
Cauliflower Mashed Potatoes,220,Lunch,1,Veg,150,5,0,200,20,5,6,40,70,120,126
Bean Salad,182, Lunch,1,Veg,150,5,0,170,25,6,8,50,60,110,62
Berry Chia Smoothie,118,All,1,Veg,150,4,0,100,25,6,4.5,40,50,90,65
Green Goddess Smoothie,131,All,1,Veg,150,5,0,100,20,4,4,40,50,90,292
Cauliflower Soup,103,All,1,Veg,150,6,0,200,20,5,8,40,70,120,132
Tandoori chicken thighs,152,Lunch,1,nonVeg,150,6,85,760,4,1,19,10,0,230,699
Til Ko Chutney,168, Lunch,1,Veg,150,3.5,0,170,18,2,4,30,40,80,707
Chicken Soup,100,All,1,Non Veg,150,4,30,180,15,3,12,50,60,110,167
Avial,140,Lunch,1,Veg,150,12,0,7.9,10,0.3,3,11.2,1.6,43.2,31
Sattu All,116,All,1,Veg,150,2,0,100,30,5,5,20,60,100,632
Phapar Ko Roti,211,Lunch,1,Veg,150,5,0,350,20,4,6,15,50,100,507
Mango Lassi,40,All,1,Veg,150,5,20,180,20,2,5,40,50,100,401
Tingmo,195,Lunch,1,Veg,150,2,0,180,30,2,4,15,40,80,710
Spinach and Feta Stuffed Mushrooms,40,Breakfast,1,Veg,150,5,10,180,15.8,4.2,8.2,40,60,110,663
Jalebi,60,Breakfast,1,Veg,150,5,4.2,12.4,30,0.3,2,213.5,133.9,94.5,330
Kale Smoothie,210,All,1,Veg,150,3,0,100,25,6,5,40,70,120,355
Greek Yogurt Parfait,245,Breakfast,1,Veg,150,5,5,100,20,2,8,100,120,200,289
Lassi,72,Breakfast,1,Veg,150,4,4.2,120.8,20,20.2,6,137.7,90,9.8,378
Aloo Tikki,98,Breakfast,1,Veg,150,6,0,250,20,2,4,15,40,80,23
Grilled Vegetable Salad,140,All,1,Veg,150,5,0,200,20,6,5,60,100,200,305
Lentil Veggie Soup,250,Breakfast,1,Veg,150,3.5,0,170,20.5,5.2,7.8,40,50,100,388
Mixed Bean Salad,150, Lunch,1,Veg,150,4.5,0,180,25,6.2,7.4,40,60,120,434
Neer Dosa,350,Lunch,1,Veg,150,3,0,200,25,2,4,20,50,80,469
Egg White Scramble with Spinach,100,Breakfast,1,Non Veg,150,5,0,200,5,2,15,40,80,150,248
Stuffed Mushrooms,100,Breakfast,1,Veg,150,4,0,180,15.5,3.2,7.6,40,60,100,684
Gulab Jamun,100,Breakfast,1,Veg,150,6,4.2,3.5,22,4.3,2,1281,783,621,312
Quinoa Porridge,100,Breakfast,1,Veg,150,3.5,0,180,25,4.2,6,40,60,120,550
Mango,100,Breakfast,1,Veg,150,0.6,7.5,38.6,40,1.3,1,10.7,44.3,50.8,398
Golden Milk,100,All,1,Veg,150,4,0,90,20,3,3.5,50,60,110,285
Aloo Fry,100,Breakfast,1,Veg,150,10.1,0,7.9,14,1.1,1,9.8,26,156.6,12
Churpi,100,Breakfast,1,Veg,150,3,0,170,18,2.5,6,30,40,80,190
Cauliflower Rice Stir-Fry,100,Lunch,1,Veg,150,6,0,200,25,6,7,50,80,150,131
Kale Caesar Salad,100, Lunch,1,Veg,150,7,15,180,10,3.5,8,60,70,140,351
Masala Chai,100,Breakfast,1,Veg,150,9,4.2,1.9,12,4.7,2,233.4,144.8,92.9,406
Edamame Salad,100, Lunch,1,Veg,150,4.5,0,170,15.8,5,9.2,40,50,100,239
Roasted Beet Salad,100, Lunch,1,Veg,150,3.5,0,170,25,5.5,6,40,50,100,609
Rajma Salad,100, Lunch,1,Veg,150,3.5,0,170,25,6,8,40,50,100,593
Aloo Sadeko,100,Breakfast,1,Veg,150,5,0,180,20,3,4,15,40,80,21
Chura,100,Breakfast,1,Veg,150,3,0,100,30,2,5,20,40,80,189
Kale Salad,100, Lunch,1,Veg,150,6,0,180,20,5.4,7.8,50,70,150,354
dhokla,100,Breakfast,1,Veg,152,7.4,3.3,310,16,2.5,5.7,42,677,240.5,842
Paneer Mutter Biryani,50,Lunch,1,Veg,153,1,0,19.5,31.2,2.5,4.5,76.4,122.7,168.1,491
sel roti,120,Breakfast,1,Veg,155,19,0,2,37,1,2,0,0,0,890
apple oatmeal,110,Breakfast,1,Veg,157,2,0,196,33,3.6,3.7,106,0,140.6,814
poha,90,Breakfast,1,Veg,158,0.2,0,4.2,35,0,2.9,4.2,0,33.4,880
Sinki Fresh,79,Breakfast,1,Veg,159,2.5,0,0,34,0,14.6,121,0,443,644
Faphar,140,Lunch,1,Veg,160,4,0,180,20,4,7.5,50,60,120,257
Bhuttan,200,Breakfast,1,Veg,160,4,0,180,18,3,6.5,40,50,100,81
Veggie Spring Rolls,195,Breakfast,1,Veg,160,4,0,190,20.4,4.8,7.2,40,50,100,782
Black Bean and Corn Salad,250, Lunch,1,Veg,160,4.5,0,200,30,7.2,8.5,50,70,150,89
Appam,100,Lunch,1,Veg,160,2,4.2,12.4,22,7,2,9.4,69,27.3,27
Quinoa Spinach Salad,240, Lunch,1,Veg,160,5,0,180,22.5,5.8,7.6,40,50,100,556
Grilled Eggplant,213,Lunch,1,Veg,160,5.5,0,200,20.2,6.5,5.9,50,70,140,298
Spinach Quinoa Salad,120, Lunch,1,Veg,160,7,0,180,15,4.2,8.7,60,70,150,657
Mixed Vegetable Stir-Fry,175,Lunch,1,Veg,160,5,0,200,20,7,8,60,90,150,437
Chhoila,214,Breakfast,1,Veg,160,4,0,180,18,2.5,8,60,70,140,146
Spinach and Mushroom Omelette,145,Breakfast,1,Non Veg,160,6,80,200,5,3,15,60,80,150,665
Baked Falafel,123,Breakfast,1,Veg,160,6,0,220,20,4.5,9,40,60,120,50
Quinoa Stuffed Mushrooms,111,Breakfast,1,Veg,160,4.5,0,180,20,5.2,7.4,40,50,100,561
Tuna Salad,98,All,1,Non Veg,160,7,20,300,5,2,20,50,100,150,727
Momos Soup,97,All,1,Veg,160,3.5,0,180,15,3,6,40,50,100,443
Rava Dosa,56,Lunch,1,Veg,160,6,0,0.2,24,7.7,4,31.2,161.4,362,601
Phaphar,124,Lunch,1,Veg,160,4,0,180,20,4,7.5,50,60,120,508
Kadhi,34,Lunch,1,Veg,160,6,20,190,15,3,10,50,60,120,343
Mishti Doi,33,All,1,Veg,160,5,25,180,20,1,8,50,60,120,432
Chhoyla,45,Breakfast,1,Veg,160,4,0,180,18,2.5,8,60,70,140,148
saag aloo,56,Breakfast,1,Veg,160,6.7,0,80,23,4.3,4.9,111,0,968.1,886
Avocado Smoothie,167,All,1,Veg,160,7,0,100,20,5,3,50,60,120,33
Bhutta,145,Breakfast,1,Veg,160,4,0,180,18,3,6,40,50,100,80
Chana Chaat,234,Breakfast,1,Veg,160,4,0,180,25,6,7,40,50,90,136
Sweet Potato Kale Salad,245, Lunch,1,Veg,160,4,0,180,25,5,7,40,60,120,690
Quinoa Tabbouleh Salad,122, Lunch,1,Veg,160,4,0,180,30,5,7,50,60,120,565
Quinoa Broccoli Salad,267, Lunch,1,Veg,160,4,0,180,20,4.5,6.5,40,50,100,544
smoothie,222,Breakfast,1,Veg,161,1.7,5,59,34,2.8,5.5,161,0,544,892
Kulfi,90,Breakfast,1,Veg,161,4.9,0,86.6,9.7,0.1,3.9,81.5,109.9,170.3,373
dal pakwan,123,Breakfast,1,Veg,162,8.8,11.3,0,16.8,3,4.1,20.9,0,0,840
Moong Dal Waffles,123,Breakfast,1,Veg,163,2.8,0,31.1,24.8,4.1,10,46.1,167.4,498.2,449
Urad Ko Daal,342,Lunch,1,Veg,165,3,96,1.7,14,0.7,6,11.2,45,0,737
Banana Juice ,98,Breakfast,1,Veg,165,4.7,10,80,27,2.2,5.9,164,104,467,58
Soya Chunks Pulao,67,Lunch,1,Veg,169,2.7,0,4.7,30.8,3,5.1,35.5,138.1,208.7,647
Butternut Squash Salad,78, Lunch,1,Veg,170,4,0,190,30,5,6.5,40,50,100,112
Quinoa Fruit Salad,123, Lunch,1,Veg,170,3.5,0,190,30,5,6,50,60,120,546
Aloo Chana Chaat,98,Breakfast,1,Veg,170,4.5,0,190,25,5,6.5,40,50,100,9
Sattu,123,Lunch,1,Veg,170,5,0,190,22,3,8,60,70,140,631
Fini Roti,167,Breakfast,1,Veg,170,5,0,250,30,4,7,30,50,100,259
Spinach Quinoa BAlls,89,Breakfast,1,Veg,170,5,0,190,15.8,4.2,6.8,40,50,100,656
Mango Turmeric Smoothie,134,All,1,Veg,170,3.5,0,110,30,5.5,4,30,40,70,404
Aalu Sadeko,89,Breakfast,1,Veg,170,4.5,0,190,20,4,6.5,50,60,120,1
Cucumber Rolls with Tuna,23,Breakfast,1,Non Veg,170,6,25,300,10,2,15,50,80,150,206
Chhurpi,178,Breakfast,1,Veg,170,6,0,250,15,2,10,40,60,100,149
Jadoh,67,Lunch,1,Veg,170,4.5,0,190,20,5,8,50,60,120,329
Quinoa Avocado Salad,145, Lunch,1,Veg,170,6,0,190,18.5,4.8,7.2,40,60,120,538
Sandheko,23,Breakfast,1,Veg,170,4,0,190,20,4,6.5,50,60,120,627
Pakheta,231,Lunch,1,Veg,170,4.5,0,190,25,5,7.5,50,60,120,480
Spinach Artichoke Salad,189, Lunch,1,Veg,170,6,10,190,15,3.5,7.5,60,70,140,654
Bhaat,23,Lunch,1,Veg,170,4,0,190,20,4,6.5,50,60,120,70
Mediterranean Quinoa Salad,67, Lunch,1,Veg,170,5,0,190,20.5,5,8.6,40,60,120,419
Bheda Ko Roti,78,Lunch,1,Veg,170,5,0,190,20,4,7,50,60,120,74
tomato sandwich,213,Breakfast,1,Veg,170,2.3,0,300,39,2.2,3.2,0,0,106,902
egg & cheese sandwich,78,Breakfast,1,nonVeg,170,8,92,470,15,8,11,0,0,0,844
jeera aloo,175,Breakfast,1,Veg,172,5.6,0,315,28,3.2,3.5,27,43,726.8,850
gobi manchurian,214,Breakfast,1,Veg,173,11.5,0,478,16.2,1.9,2.3,21,0,150.2,848
Tofu Curry ,211,Lunch,1,Veg,173,12,0,12,8.6,2.4,10,12,3,265.5,711
Chicken Tikka,45,Lunch,1,Non Veg,175,7.5,16.1,19.2,3.5,0.5,22.5,1281,783,621,168
Lemon Pickle,256,Lunch,1,Veg,175,0.5,4.2,0.2,3.5,12.5,0.5,137.9,90,621,381
Pesarattu,87,Lunch,1,Veg,175,3.5,0,22.5,35,1.6,7.5,54.1,67.6,196.2,506
Paneer Tikka,34,Lunch,1,Veg,175,12.5,0,1.7,3.5,0.3,12.5,68.7,89.6,127.9,493
Curd Rice,150,Lunch,1,Veg,175,3,4.2,26.3,35,7.5,3,37.3,39.1,92.9,210
Mango Pickle,123,Lunch,1,Veg,175,0.3,4.2,170.5,17.5,12.5,0.3,155.3,144.8,94.5,402
Pani Puri,23,Breakfast,1,Veg,175,7.5,32.2,38.4,35,3.3,3.5,105.1,69,79.5,496
Samosa,23,Breakfast,1,Veg,175,12.5,0,0.1,17.5,1.1,7.5,4.2,30.8,27.3,625
Dal Fry,45,All ,1,Veg,178,7.8,0,376,21,7.6,8.1,40,0,451.7,218
Quinoa Spinach Salad with Avocado,211, Lunch,1,Veg,180,6,0,210,18.5,4.8,7.2,40,60,120,557
Phulaurah,178,Breakfast,1,Veg,180,4.5,0,200,22,3,7,50,60,120,509
Quinoa Salad with Avocado,56, Lunch,1,Veg,180,6.5,0,220,20.8,4.6,7.9,40,60,120,553
Tofu and Vegetable Skewers,111,Lunch,1,Veg,180,8,0,250,15,4,12,70,90,200,718
Chambray,167,Lunch,1,Veg,180,5.5,0,200,25,5,7.5,60,70,140,135
Turkey and Vegetable Skewers,198,Breakfast,1,Non Veg,180,7,20,250,15,3,15,70,110,150,733
Zucchini and Carrot Noodles with Pesto,78,Lunch,1,Veg,180,7,0,250,20,5,6,40,80,100,805
Khapse,89,Breakfast,1,Veg,180,4.5,0,200,25,3,8.5,40,50,100,362
Greek Salad,100,All,1,Veg,180,10,20,300,15,5,8,60,80,150,288
Egg White Omelette,189,Breakfast,1,Non Veg,180,8,5,200,5,1,20,60,90,150,247
Momos,111,Breakfast,1,Veg,180,5,10,300,15,3,8,10,30,60,442
Zucchini Fritters,123,Breakfast,1,Veg,180,6.5,5,210,20.8,4.2,6.5,50,60,110,801
Cottage Cheese Pancakes,67,Breakfast,1,Veg,180,6,30,200,15,2,15,80,100,150,197
Momo,179,Breakfast,1,Veg,180,8,20,400,20,3,15,40,90,200,441
rice poha,257,Breakfast,1,Veg,180,1,0,5,38,2,4,0,0,0,885
Vegetable Upma,156,Lunch,1,Veg,180,5,0,200,30,5,6.5,60,70,140,768
Dhido,211,Lunch,1,Veg,180,5,0,400,30,5,10,20,70,120,230
Aloo Tama,234, Lunch,1,Veg,180,6,0,250,25,5,7,15,70,120,22
Vegetable Stew,197,Lunch,1,Veg,180,4.5,0,200,25,5,6,60,70,130,766
Gundruk Soup,25,Breakfast,1,Veg,180,4,0,300,20,8,10,50,80,150,314
Tama,322, Lunch,1,Veg,180,2,0,220,40,6,9,50,80,150,693
Turkey Lettuce Wraps,156,Breakfast,1,Veg,180,5,30,250,10,3,15,70,100,200,729
Quinoa Lentil Salad,178, Lunch,1,Veg,180,4.5,0,200,20,6,7.5,60,70,140,549
Stuffed Bell Peppers,123,Lunch,1,Veg,180,5,0,250,25,6,10,60,90,150,680
Oatmeal with Berries,23,Breakfast,1,Veg,180,5,0,150,30,6,5,60,80,150,472
Grilled Veggie Salad,56,Lunch,1,Veg,180,5.5,0,200,20,4,9,60,70,140,307
Rava Upma,145,Lunch,1,Veg,180,4,0,5.8,32,0.3,4,63,90,77,603
Hummus and Veggie Platter,123,Breakfast,1,Veg,180,6.5,0,220,15.8,4.5,6.9,40,70,150,322
Mushroom Quinoa Salad,46,Lunch,1,Veg,180,4.5,0,200,20,6.5,7,60,70,140,457
Pustakari,56,Breakfast,1,Veg,180,6,0,350,25,4,10,20,80,130,533
udupi,78,Breakfast,1,Veg,180,4.5,0,460,31,3,4,60,0,100,904
Hummus and Vegetable Platter,56,Breakfast,1,Veg,180,8,0,200,15,6,7,60,90,150,321
Sel Roti,89,Breakfast,1,Veg,180,4,0,300,30,2,5,25,50,100,637
Quinoa and Kale Salad,134,All,1,Veg,180,7,0,250,25,7,8,70,100,200,577
Ghugni,156,Breakfast,1,Veg,180,4.5,0,200,25,5,8,40,50,100,280
Grilled Shrimp Skewers,189,All,1,Non Veg,180,6,60,350,5,1,25,40,120,200,302
Dahi Chiura,135,Lunch,1,Veg,180,4,0,200,30,3,6,60,70,140,213
Pakora,245,Lunch,1,Veg,180,8,5,250,15,2,6,15,50,120,483
chicken tikka masala,156,Lunch,1,nonVeg,180,8,75,490,7,1,21,36,0,456,833
Aloo Jeera,156,Lunch,1,Veg,180,7,0,300,25,4,4,50,70,150,15
Zucchini Bread,156,Breakfast,1,Veg,180,7,0,200,25,3,8,40,70,150,800
Vada Sambhar,156,Breakfast,1,Veg,180,8,0,300,20,3,5,20,50,100,741
Jau Roti,111,Breakfast,1,Veg,180,4,0,250,35,8,6,40,70,120,331
Til Ko Laddu,89,All,1,Veg,180,6,10,200,20,2,5,40,50,100,708
Baked Sweet Potato,98,Breakfast,1,Veg,180,3.5,0,220,35.5,5.6,4.2,40,60,120,55
Quinoa Breakfast Cookies,123,Breakfast,1,Veg,180,6,5,200,15,3.5,8.2,40,60,120,543
Chickpea Quinoa Salad,111, Lunch,1,Veg,180,5,0,200,20,5.2,7.6,40,60,120,172
Pani Puri,134,Breakfast,1,Veg,180,10,5,28.8,15,1.5,3,4.2,30.8,27.3,496
Paniyaram,98,Breakfast,1,Veg,180,6,0,200,20,3,5,40,50,100,498
Cauliflower Steak,134,Lunch,1,Veg,180,6.5,0,200,20,5,7.5,60,80,180,133
Khir,145,Lunch,1,Veg,180,5,0,200,22,2,7,50,60,120,368
Quinoa Black Bean Salad,145, Lunch,1,Veg,180,5,0,200,20,5.5,8.2,40,60,120,540
aloo kulcha,156,Breakfast,1,Veg,180,4,5,410,31,0.5,4,60,0,0,806
Bhedako Saag,11,Lunch,1,Veg,180,5,0,200,20,4,7.5,50,60,120,75
Chapati,98,Breakfast,1,Veg,180,3,0,200,25,2,5,30,60,100,140
Dhikri,111,Lunch,1,Veg,180,5,0,200,25,4,8,60,70,140,231
Bhindi Fry,145,Lunch,1,Veg,180,8,0,300,20,4,5,50,80,150,77
Lentil Soup,156,All,1,Veg,180,5,0,250,30,8,10,50,80,200,386
Gobi Paratha,145,Lunch,1,Veg,182,7.4,0,16.8,25.6,4.7,4.6,28,131,143,284
tofu Vegetable momo,267,Breakfast,1,Veg,184,3.2,0,0,31.5,0,6,0,0,0,901
Baby Corn Fritters,134,Lunch,1,Veg,184,11,0,3.9,18,0.5,2.9,32.3,0,48.3,36
mango lassi,145,Breakfast,1,Veg,186,4.5,16,60,34,1.6,5.2,165,36,361,860
"Chick Pea, Broccoli and Carrot Stir Fry",123,Breakfast,1,Veg,187,4.8,0,82.9,29.4,12.1,6.8,148.1,471.8,415.1,153
Sprouts Pulao,111,Lunch,1,Veg,187,2.3,0,8.4,34.6,3.3,6.7,51.5,138.2,304.8,667
Baked Poha,123,Breakfast,1,Veg,187,7.5,4,8.8,25.5,0.3,3,63,90,77,52
Baked Chicken,178,Lunch,1,Non Veg,187,11,80,60,0,0,20,11,0,173.4,47
Paani Puri,123,Breakfast,1,Veg,188,5.2,0,11.7,29.6,3.6,5.4,55.3,43.7,127.9,478
Peanut Butter,123,Breakfast,1,Veg,188,16,0,152,7.7,1.8,7,17,121.9,189.4,505
bhel puri,189,Breakfast,1,Veg,188,8.2,0,412,22,2.8,6.9,25,0,275,819
latte,123,Breakfast,1,Veg,189,7.4,29,181,19,0,12,441,0,518.1,858
Litti,111,Lunch,1,Veg,190,6,0,210,20,5,7,50,60,120,389
Fafda,111,Breakfast,1,Veg,190,4.5,0,210,20,3,7.5,40,50,100,256
Soba Noodle Salad,156,Lunch,1,Veg,190,3.5,0,210,35,4,8.5,60,70,140,645
Khaja,178,Breakfast,1,Veg,190,4.5,0,210,20,2,7.5,50,60,120,359
Quinoa Spinach Patties,111,Breakfast,1,Veg,190,5.5,0,220,20.8,4.5,7.6,50,60,110,555
Sakhar Bhat,135,All,1,Veg,190,5.5,20,210,22,2,6,50,60,120,620
Quinoa Lentil Patties,122,Breakfast,1,Veg,190,5.5,0,220,20.8,4.5,7.6,50,60,110,548
Vegetable Quinoa Salad,97,Lunch,1,Veg,190,5,0,210,25,6,9,60,70,140,762
Cauliflower Fried Rice,157,Lunch,1,Veg,190,7,0,300,25,6,8,50,80,150,124
Quinoa Salad with Chickpeas,1111, Lunch,1,Veg,190,5.5,0,210,25.6,6,8.7,50,60,140,554
Veggie Lentil Salad,134,Lunch,1,Veg,190,5,0,210,20,5.5,8,60,70,140,771
Kodo Ko Roti,188,Breakfast,1,Veg,190,3,0,200,40,6,5,40,80,150,369
Aloo Chop,97,Breakfast,1,Veg,190,5.5,0,210,22,3,6.5,40,50,100,10
Pitha,122,Breakfast,1,Veg,190,5,0,210,22,3,7.5,60,70,140,514
Bhakka,145,Lunch,1,Veg,190,4.5,0,210,22,4,8,50,60,120,71
Mysore Pak,76,All,1,Veg,190,6.5,20,210,20,1.5,5,40,50,100,466
Quinoa and Avocado Salad,134, Lunch,1,Veg,190,8,0,220,20,5.6,7.8,40,60,120,571
Chhena Poda,111,All,1,Veg,190,7,30,210,25,2,9,70,80,160,145
Masoor Tarkari,145,Lunch,1,Veg,190,6,0,210,20,6,9.5,60,70,140,414
Cup Pasta,97,Breakfast,1,Veg,196,1.2,0,1.2,38,2.2,7.2,8.7,43.7,370,209
Chicken Brest ,123,Lunch,1,Non Veg,198,4.3,102,89,0,0,37,18,0,307,157
Rava Upma,145,Breakfast,1,Veg,200,8,5,300,30,4,6,20,60,100,603
Avocado Toast,167,Breakfast,1,Veg,200,12,0,200,15,8,6,30,60,150,34
Veg Cutlet,121,Breakfast,1,Veg,200,10,0,300,20,3,6,25,40,100,745
Paneer Bhurji,123,Breakfast,1,Veg,200,10,25,400,15,3,15,80,120,250,489
Veggie Omelette,133,Breakfast,1,Veg,200,8,5,230,3.5,1.2,12.5,60,70,130,773
Kaju Katli,166,All,1,Veg,200,8,5,150,25,1,4,30,60,120,345
Bhel Puri,167,Breakfast,1,Veg,200,8,0,250,20,3,5,10,40,100,76
Vegetable manchurian,155,Breakfast,1,Veg,200,11,0,1140,19,3,6,52,0,0,769
Dhokla,189,Breakfast,1,Veg,200,5,0,250,30,3,6,20,70,120,232
Tofu Salad,157,Lunch,1,Veg,200,9,0,220,15,3,15,70,80,160,713
Aloo Matar,234,Lunch,1,Veg,200,10,0,350,25,6,8,50,70,150,17
Til Laddu,121,All,1,Veg,200,5,0,150,30,4,7,30,60,100,709
Alu Tama,132, Lunch,1,Veg,200,7,0,250,30,5,8,20,80,150,25
Cauliflower Rice Bowl,143,Lunch,1,Veg,200,8,0,350,30,7,10,50,80,200,130
Pulao,87,Lunch,1,Veg,200,5,0,220,30,5,9,60,70,140,528
Bisi Bele Bath,154,Lunch,1,Veg,200,2,0,16.8,40,20.2,6,59,45,114,84
Tofu Lettuce Wraps,176,Lunch,1,Veg,200,10,0,300,20,4,18,90,120,250,712
Tofu Scramble,176,Breakfast,1,Veg,200,8,0,240,10,3.5,15,70,100,200,714
Quinoa and Vegetable Soup,78,All,1,Veg,200,5,0,300,30,7,12,60,90,200,578
Vegetable Frittata,145,Breakfast,1,Veg,200,10,70,350,15,3,15,50,80,150,758
Thair Sadam,123,Lunch,1,Veg,200,3,4.2,0.2,40,7.7,5,9.4,39.1,43.7,703
Lemon Rice,278,Lunch,1,Veg,200,4,0,15.7,40,2.5,4,76.4,122.7,168.1,383
Jeri,534,Breakfast,1,Veg,200,6,15,220,20,1,5,30,40,80,333
Pakhala,153,Lunch,1,Veg,200,4,0,300,45,8,6,50,80,150,479
Chhena Jalebi,232,All,1,Veg,200,7,15,220,30,1.5,5,40,50,100,144
Upma,137,Lunch,1,Veg,200,5,0,300,40,6,6,50,80,150,736
Dates,320,Breakfast,1,Veg,200,0,0.3,0.1,53,6,2,28,0,466,227
Rava Idli,222,Breakfast,1,Veg,200,5,0,250,30,4,7,50,80,150,602
Grilled Tofu with Steamed Vegetables,90,Lunch,1,Veg,200,8,0,300,15,6,15,80,100,200,304
Aloo Gobi,238,Lunch,1,Veg,200,10,0,400,30,10,5,30,80,180,13
Cauliflower Pizza Crust,132,Lunch,1,Veg,200,8,0,250,20,6,10,40,100,200,127
Paneer Tikka,400,Lunch,1,Veg,200,12,25,400,10,2,18,100,120,200,493
Gurung Bread,137,Breakfast,1,Veg,200,5,0,220,35,3,5,20,60,120,315
Grilled Chicken Salad,350,All,1,Non Veg,200,8,40,350,10,3,25,60,120,200,297
Black Bean Corn Salad,132,Lunch,1,Veg,200,5.5,0,220,30,7,8,70,80,160,86
Egg and Vegetable Scramble,252,Breakfast,1,Veg,200,10,120,250,10,3,15,80,100,150,249
Alu Sadeko,317,Breakfast,1,Veg,200,10,0,400,25,5,8,20,70,150,24
Chatamari,220,Breakfast,1,Veg,200,10,5,400,20,4,8,15,80,150,141
Turkey and Avocado Wrap,416,Breakfast,1,Non Veg,200,8,20,300,20,5,15,60,110,150,732
Uttapam,365,Lunch,1,Veg,200,6,0,141.4,30,3.4,4,33.4,70.7,172,738
Thukpa,300,Breakfast,1,Veg,200,8,10,800,25,4,15,30,80,150,705
Rasgulla,215,All,1,Veg,200,5,5,150,45,0,4,30,30,60,598
Samosa,483,Breakfast,1,Veg,200,10,0,300,20,3,5,20,60,100,625
Dal Fry,172,Lunch,1,Veg,200,8,15,220,20,4,9,60,70,140,218
Quinoa and Edamame Salad,280,All,1,Veg,200,9,0,300,30,8,10,80,120,250,575
Grilled Chicken Breast,222,Lunch,1,Non Veg,200,6,50,300,0,0,35,60,150,300,296
Dahi Vada,90,Breakfast,1,Veg,200,8,5,250,25,2,6,20,50,100,215
Fulka Roti,310,Breakfast,1,Veg,202,5.1,278,32,3.3,7.7,63,0,180,180.9,269
Pork,50,Lunch,1,Non Veg,202,12,75,48,0,0,22,17,0,289.9,521
Vegetable Fried Rice,100,Lunch,1,Veg,202,9,0,549.9,27.3,3.2,3.2,50.5,151.6,180.6,757
mango,200,All,1,Veg,202,1.3,0,3.4,50,5.4,2.8,37,56,564.5,859
Veg Cheese Omelette,222,Lunch,1,Veg,202,15,17.5,152.9,3.8,0.8,13,142.6,234.2,76.5,744
Motichoor Ko ladoo,150,Breakfast,1,Veg,204,9.9,1.8,12.2,24.5,2.2,3.6,39.4,65.1,119.3,452
pork momo,90,Breakfast,1,nonVeg,204,8.2,0,0.8,25.8,0,6.3,0,0,0,882
Motichoor ko Ladoo,170,Breakfast,1,Veg,204,9.9,1.8,12.2,24.5,2.2,3.6,39.4,65.1,119.3,453
White Rice,280,Lunch,1,Veg,205,0.4,0,1.6,45,0.6,4.3,16,0,55.3,796
Rice (cooked),175,Lunch,1,Veg,205,0.4,9.3,65,45,0.6,4.3,109,161,167,606
boiled rice,320,Lunch,1,Veg,205,0.4,0,1.6,45,0.6,4.3,16,0,55.3,824
Malai Kulfi,72,Breakfast,1,Veg,206,9,13.3,49.7,20.4,0,6.9,295.1,142.4,173.9,396
corn cheese momo,186,Breakfast,1,Veg,206,8.8,5.3,522.6,23.8,0,7.9,0,0,0,837
chicken darjeeling momo,133,Breakfast,1,nonVeg,206,12.4,0,0,18.6,0,10,0,0,0,830
Malai Kulfi,270,Breakfast,1,Veg,206,9,13.3,49.7,20.4,0,6.9,295,142,173,396
Rajma Curry,151,Lunch,1,Veg,207,11.7,0,11.1,19,2.6,6.4,106.9,121.5,470.4,590
Aloo Kovi ko Subzi,111,Lunch,1,Veg,208,11.3,0,39.9,23.7,3.7,3,27.8,69.6,311.2,16
nepalese Vegetable momo,147,Breakfast,1,Veg,208,7.2,0,0.6,29,1.8,7.6,0,0,0,871
Kala Jamun,100,Breakfast,1,Veg,210,6.6,0,0.2,33.8,0,3.4,152.7,73.3,1.9,349
Baked Stuffed Zucchini,427,Lunch,1,Veg,210,8,0,240,20,5.5,9.5,60,80,180,54
Egg White Breakfast Burrito,70,Breakfast,1,Non Veg,210,7.5,0,240,15,3.8,15.5,70,90,200,246
Kala Jamun,291,Breakfast,1,Veg,210,6.6,0,0.2,33.8,0,3.4,152.7,73.3,1.9,349
Chlieb,184,Breakfast,1,Veg,210,1,2,5.4,44,1.1,6.7,45,0,515.4,181
Moong Dal Khichdi,250,Lunch,1,Veg,210,6,0,220,35,7,9.5,70,80,150,447
Sausage,550,Breakfast,1,Non Veg,210,19,41,4.9,34,4.4,0,0,0,0,633
Jhol Momos,166,Lunch,1,Veg,210,6,25,230,25,4,10,80,90,160,334
Haluwa,190,All,1,Veg,210,6,15,230,25,2,5.5,40,50,100,316
Turkey and Avocado Salad,262,Lunch,1,Non Veg,210,10,30,350,15,4,25,60,120,200,731
Grilled Veggie Skewers,500,Lunch,1,Veg,210,8,0,280,25.7,6.3,10.2,60,90,200,308
Absinthe,240,Lunch,1,Veg,210,14,0,20,20,3,5,0,0,0,2
Bara,200,Breakfast,1,Veg,210,6,0,230,24,4,9,50,60,120,59
Moong Dal Halwa,120,Breakfast,1,Veg,212,9.1,2.9,6.8,27.7,1,3.9,47.1,74.6,161.8,446
Egg Bhurji Paratha,190,Lunch,1,Non Veg,213,13.4,0,6.3,16.3,0.8,6.9,38,0,90.9,241
Sukhi Bhindi,330,Lunch,1,Veg,213,20.2,0,7.9,6.1,20.2,1.6,59,45,114,687
oats poridge,150,Breakfast,1,Veg,214,5.8,17,109,30,2.9,11,279,45,438,873
Egg Bhurji,155,Lunch,1,Non Veg,215,17.6,0,5.4,3.4,1,10.7,68,184.6,83.4,240
Brown Rice,480,Lunch,1,Veg,216,1.8,13.8,185,45,4.9,5,42.5,177.7,277.1,103
Cabbage Pulao,105,Lunch,1,Veg,218,9,0,19.5,28.2,4.9,6.6,42.5,177.7,277.1,114
poha upma,270,Breakfast,1,Veg,219,6.9,0,110.4,37.3,1.9,4,16,0,253,881
Veggie Quinoa Stir Fry,354,Lunch,1,Veg,220,7,0,250,20.5,6,12.3,60,80,170,779
Laphing,200,Breakfast,1,Veg,220,8,0,350,30,6,10,15,90,120,377
Thenthuk,290,All,1,Veg,220,7,15,350,25,4,10,40,70,120,704
Panipuri,280,Breakfast,1,Veg,220,8,0,240,30,4,7,60,70,140,497
Steamed Fish with Vegetables,161,All,1,Non Veg,220,10,50,300,15,5,30,70,150,250,672
Grilled Tofu Salad,190,All,1,Veg,220,12,0,300,15,4,20,70,120,200,303
Kwati,105,Breakfast,1,Veg,220,6,5,700,40,8,12,40,100,250,376
Rasmalai,130,Breakfast,1,Veg,220,14,4.2,19.2,18,3.4,5,426.3,262.4,193.5,600
Whole Wheat Pasta with Tomato Sauce,120,Lunch,1,Veg,220,5,0,350,40,6,10,40,100,250,797
Chickpea and Vegetable Curry,150,Lunch,1,Veg,220,8,0,350,25,7,15,60,100,200,177
Quinoa and Black Bean Salad,200,All,1,Veg,220,6,0,300,30,8,10,80,100,250,573
Bhutuwa,192,Lunch,1,Veg,220,7,0,240,30,6,10,70,80,160,82
Chickpea Spinach Curry,280,Lunch,1,Veg,220,6,0,260,30,7,10.5,70,100,200,175
Quinoa Breakfast Bowl,180,Breakfast,1,Veg,220,8,0,300,30,6,10,60,100,250,542
Shrimp and Vegetable Stir-Fry,83,All,1,Non Veg,220,8,50,400,15,3,25,40,120,200,642
Baati,190,Lunch,1,Veg,220,8,25,240,25,4,9,60,70,140,35
Mushroom and Spinach Quiche,200,Breakfast,1,Veg,220,10,60,300,20,3,18,60,90,150,460
Kulfi Falooda,172,All,1,Veg,220,8,25,240,25,2,6,50,60,120,374
Upma,140,Lunch,1,Veg,220,6,0,18.6,38,2.9,4,155.3,268.8,238.2,736
Turkey Chili,245,All,1,Non Veg,220,8,30,400,25,7,20,60,100,200,728
Shrikhand,210,All,1,Veg,220,10,15,180,30,2,6,40,70,150,641
Bhindi Masala,270,Lunch,1,Veg,220,8,0,400,25,6,5,60,80,150,78
Paneer roganjosh,180,Lunch,1,Veg,220,17,25,590,9,2,7,140,0,30,495
Tofu Stir-Fry,220,Lunch,1,Veg,220,10,0,300,20,5,15,80,100,250,715
Tofu Vegetable Stir Fry,175,Lunch,1,Veg,220,7,0,250,20.5,6,12.3,60,80,170,716
Masoor Dal,70,Lunch,1,Veg,220,8,0,400,30,7,10,30,70,150,411
Spaghetti Squash with Pesto,221,Lunch,1,Veg,220,8,5,250,30,6.2,7.8,50,70,140,649
Mushroom Tikka,175,Breakfast,1,Veg,220,10,35,300,15,4,12,60,90,200,459
Spiced Tofu,150,Lunch,1,Veg,220,11,0,260,20,5.5,12,60,80,150,650
Zucchini Noodles with Pesto,230,Lunch,1,Veg,220,10,5,250,20,6,8,40,80,150,804
Dhedo,50, Lunch,1,Veg,220,4,0,300,30,4,5,20,60,100,229
Egg Noodles,122,Breakfast,1,Non Veg,221,3.3,46,8,40,1.9,7.3,19,126.6,90.8,244
Palak Chana Dal,20,Lunch,1,Veg,221,3,0,52.9,37.2,8.5,11.3,71.1,188.6,454.4,484
Aloo Paratha,200,Lunch,1,Veg,222,13.5,0,7.5,22.7,3.4,3.4,17.3,97.6,132,18
Quinoa,180,Lunch,1,Veg,222,3.6,4,8.8,39,0.4,8,188,182.7,119.2,537
coconut milk,146,Breakfast,1,Veg,223.5,25,0,14.5,3.2,0,2.3,20.5,56,248.6,836
Prawn Curry,200,Lunch,1,Non Veg,225,12.5,10.4,12.4,7.5,0,17.5,137.7,90,9.8,525
Gulab Jamun,100,Breakfast,1,Veg,225,12.5,0,3.5,35,0.1,7.5,213.5,133.9,94.5,312
Gobi Manchurian,200,Lunch,1,Veg,225,12.5,2,5.8,22.5,1.1,7.5,43.5,10.3,93.3,283
Masala Dosa,140,Lunch,1,Veg,225,7.5,16,120.8,45,0.1,7.5,233.4,144.8,92.9,407
Malai Kofta,100,Breakfast,1,Veg,225,12.5,0,0.2,22.5,2.2,7.5,39.4,65.1,119.3,395
Aloo Paratha,145,Lunch,1,Veg,225,12.5,0,18.6,35,2.5,7.5,76.4,122.7,168.1,18
Prawn Fry,110,Breakfast,1,Non Veg,225,12.5,0,50,7.5,3.7,17.5,63.6,114.2,318.4,526
Veg Fried Rice,120,Lunch,1,Veg,225,7.5,0,39.9,35,4.1,7.5,144.7,78,90,746
Prawn Masala,185,Lunch,1,Non Veg,225,12.5,4.2,19.9,7.5,3.7,17.5,27.8,69.6,311.2,527
Chicken Lollipop,333,Lunch,1,Non Veg,225,12.5,0,10.8,3.5,0.3,17.5,3,8.4,6.6,162
Tomato Rice,232,Lunch,1,Veg,225,7.5,0,2.8,45,2.5,7.5,39,36.8,151.9,721
Veg Pulao,125,Lunch,1,Veg,225,7.5,0,0.4,45,5.2,7.5,64.6,216.8,461.7,748
Veg Manchurian,150,Lunch,1,Non Veg,225,12.5,0,16.5,22.5,1.9,7.5,193.6,174.9,60.5,747
Palak Paneer,160,Lunch,1,Veg,225,12.5,0,17.1,12.5,2,12.5,10.8,62.4,62.5,487
Onion Pakoda,170,Breakfast,1,Veg,225,12.5,0,11.6,22.5,3.6,7.5,73.2,77.3,188.8,476
Gajar Halwa,200,Lunch,1,Veg,225,7.5,1.5,16.2,45,4.2,7.5,105.9,107.5,245.8,270
Chicken 65,400,Lunch,1,Non Veg,225,12.5,8,39.2,3.5,3.3,17.5,91.3,35,209.8,154
chicken steamed momo,300,Breakfast,1,nonVeg,226,12.5,0,0,19,0,10,0,0,0,832
Quick Mushroom Soup,130,Lunch,1,Veg,227,12.4,31.5,55.6,13.5,0.6,7.8,323.4,244.9,293.1,535
tandoori aloo,170,Breakfast,1,Veg,229,17,17,85,18,2.4,3.5,69,456,444.9,898
Quinoa and Kale Bowl,150,Lunch,1,Veg,230,9,0,350,25,8,12,70,110,250,576
Quinoa and Vegetable Stir-Fry,300,Lunch,1,Veg,230,8,0,300,25,7,10,60,90,250,579
Oats Upma,140,Lunch,1,Veg,230,5.5,0,280,40.2,6.5,8.4,70,100,200,474
Tofu Veggie Stir-Fry,100,Lunch,1,Veg,230,9,0,260,20,6.5,11,70,100,200,717
Brown Rice Bowl with Tofu,100,Lunch,1,Veg,230,8,0,300,30,7,12,70,110,250,104
Grilled Veggie Wrap,130,Breakfast,1,Veg,230,9,0,280,30,6.5,8.5,60,90,200,309
Stuffed Zucchini Boats,210,Lunch,1,Veg,230,7,0,260,20.5,5.5,10.3,60,80,160,686
Veggie Stir Fry,140,Lunch,1,Veg,230,8,0,280,20.5,5.2,12.3,60,90,200,783
paneer pakoda,120,Breakfast,1,Veg,230,18,21,290,11,1,7,10,0,0,874
chicken manchurian,200,Breakfast,1,nonVeg,230,8,115,1790,19,0,21,0,0,0,831
Nawabi Curry,175,Lunch,1,Veg,231,17.5,0,45,13.1,4.1,4.8,144.7,78,90,468
Dal Curry,125,All ,1,Veg,235,5.7,12,609,35,13,14,50,0,795.2,216
Rice Kheer,260,Breakfast,1,Veg,235,8.1,12.8,42.1,30.6,0.5,5.9,229.3,121.9,150.7,607
Bread Bhurji,240,Lunch,1,Veg,235,6.8,0,34.6,36,0.9,7.5,100.8,16.5,156,93
moong dal salad,130,Breakfast,1,Veg,236,2,0,465,41,16,16,36,0,738,870
chicken cheese momo,140,Breakfast,1,nonVeg,236,12.6,16.8,0,17,0,13.7,0,0,0,829
Moong Dal,200,Lunch,1,Veg,236,2,0,456,41,16,16,36,0,738,445
Palak Dal,110,Lunch,1,Veg,237,8.8,20,326,29,11,13,52,0,653.5,485
Fried Rice,200,Breakfast,1,Veg,238,4.1,25,530,45,1.5,5.5,16,0,104.1,265
butter dosa,150,Breakfast,1,Veg,239,12,31,184,29,0.9,4,9.1,56,79,826
Bhanta,240,Lunch,1,Veg,240,6,0,350,30,7,10,60,90,200,72
Veggie Breakfast Burrito,140,Breakfast,1,Veg,240,8,0,270,25.5,5,12.3,50,70,150,770
Veggie Quinoa Skillet,300,Lunch,1,Veg,240,7.5,0,270,25.5,5.8,11.3,60,80,160,778
Quinoa Upma,260,Lunch,1,Veg,240,6,0,290,35,5.2,9.8,70,100,200,567
Tava Pulao,180,Lunch,1,Veg,240,7.6,22.5,85.5,37.1,3.4,5.5,34,118.4,201.4,700
Eggplant Rollatini,155,Lunch,1,Veg,240,10,15,350,25,5,12,70,90,150,254
Turkey MeatbAlls with Zoodles,160,Lunch,1,Non Veg,240,8,40,350,25,6,20,70,100,250,730
Sasu Mareko Dal,145,Breakfast,1,Veg,240,7,5,600,30,4,12,40,100,200,630
Chicken Malai Tikka,350,Breakfast,1,Non Veg,240,9.5,40,260,20,3,14,70,80,160,163
Quinoa Veggie Stir Fry,179,Lunch,1,Veg,240,7.5,0,270,22.5,6.5,10.5,60,80,170,570
Quinoa and Chickpea Salad,145,All,1,Veg,240,9,0,350,30,7,10,60,100,250,574
Yomari,165,All,1,Veg,240,8,10,200,35,3,6,40,60,120,799
Vegetable Tempura,170,Breakfast,1,Veg,240,10,0,290,20.8,5.3,9.6,60,90,180,767
Stir-Fried Tofu and Vegetables,76,Lunch,1,Veg,240,10,0,280,25,6,12,60,80,180,676
aloo papri,45,Breakfast,1,Veg,242,10,2.3,468,32,2.2,6.8,86,76,306.9,810
papdi chaat,115,Breakfast,1,Veg,242,10,2.3,468,32,2.2,6.8,86,0,306.8,877
metkut bhat,110,Breakfast,1,Veg,242,1,0,15.3,45,0,14,84,0,0,866
Chicken Curry,100,Lunch,1,Non Veg,243,11,74,73,7.5,1.5,28,39,0,373.6,158
Fruit Punch,120,Lunch,1,Veg,244,2.5,0,91.8,52.9,7.2,2.6,95.4,65,272.6,267
Dal Fry,200,Lunch,1,Veg,245,7,0,8.8,32.6,5.4,13.1,52.7,172.3,401.4,218
Dry Fry,155,Breakfast,1,Veg,245,7,0,8.8,32.6,7,13.1,52.7,172.3,401.4,236
Jeera Rice ,40,Lunch,1,Veg,246,6.8,0,0.2,42.4,2.2,3.7,7.1,0,4.8,332
suhana cuppa misal,140,Breakfast,1,Veg,248,15,0,1297,39,0,8.3,0,0,0,894
Vegan Buddha Bowl,360,Lunch,1,Veg,250,9,0,280,35,7.5,10,70,100,250,750
Spinach and Mushroom Quinoa,50,Lunch,1,Veg,250,6.5,0,290,30.5,5.6,10.8,50,70,150,666
Brown Rice Sushi Rolls,400,Lunch,1,Veg,250,6.5,0,300,40.5,5.8,8.5,70,100,200,106
Mixed Vegetable Curry,400,Lunch,1,Veg,250,6.5,0,300,30,6.2,9.5,60,80,160,436
lamb,152,Lunch,1,Non Veg,250,18,82,61,0,0,21,14,0,263.5,856
Steamed Fish,200,Lunch,1,Non Veg,250,12,35,320,0,0,30.5,80,100,250,671
Spicy Grilled Shrimp,100,Lunch,1,Non Veg,250,12,60,350,0,0,30.5,80,100,250,652
Stir-Fried Tofu,300,Lunch,1,Veg,250,12,0,320,20.4,7.2,15.6,80,110,300,675
Grilled Veggie Panini,200,Lunch,1,Veg,250,8.5,0,280,30,5.8,11.5,60,80,160,306
Bhuna Chicken,120,Lunch,1,Non Veg,250,10,50,270,25,4,15,70,80,160,79
Veggie Sushi Rolls,145,Lunch,1,Veg,250,6,0,280,35.5,5.5,8.8,70,90,180,784
Aloo Posto,180,Lunch,1,Veg,250,12,0,350,30,5,8,50,80,150,19
Gulab Jamun,300,All,1,Veg,250,12,10,200,30,1,3,25,40,80,312
Kulfi,210,All,1,Veg,250,10,15,150,25,2,5,40,60,100,373
Quinoa Salad,200,All,1,Veg,250,10,0,300,30,5,12,60,100,250,552
Salmon Cakes,130,Lunch,1,Non Veg,250,12,50,400,10,3,30,70,120,200,621
Biryani,290,Lunch,1,Non Veg,250,10,0,4.9,35,2.2,6,7.1,0,4.8,83
Poha,136,Breakfast,1,Veg,250,10,0,400,35,3,5,15,50,120,516
Chicken 65,265,Breakfast,1,Non Veg,250,12,30,500,20,2,15,70,80,150,154
Chhoyela,182,Lunch,1,nonVeg,250,10,30,400,10,1,20,25,80,150,147
Quinoa Stuffed Bell Peppers,205,Lunch,1,Veg,250,8,0,350,20,6,12,70,100,200,560
Baked Chicken Breast,160,Lunch,1,Non Veg,250,10,50,300,0,0,40,60,150,300,48
Sekuwa,130,Breakfast,1,Non Veg,250,12,25,600,5,1,20,15,100,200,636
Ras Malai,136,All,1,Veg,250,12,20,250,25,1,6,40,70,150,596
Palak Dal,175,Lunch,1,Veg,250,10,5,500,30,8,12,40,70,200,485
Khichdi,150,Lunch,1,Veg,250,8,5,400,30,5,6,30,70,150,366
Salmon Salad,225,All,1,Non Veg,250,12,50,350,10,4,30,80,150,300,622
Kesar Pista Ice Cream,165,All,1,Veg,250,12,10,180,30,1,4,50,70,120,358
Baked Salmon,160,All,1,Non Veg,250,12,60,400,0,0,30,80,150,300,53
Aloo Gobi,250,Lunch,1,Veg,250,5,0,500,40,15,10,50,100,200,13
Dosa,142,Lunch,1,Veg,250,6,0,350,45,7,8,60,90,200,233
Roasted Vegetable Quinoa Bowl,121,Lunch,1,Veg,250,10,0,400,35,8,12,70,110,300,614
HomeMade Mango Icecream,215,Breakfast,1,Veg,252,6.8,10.7,55.7,39.3,0.3,5.2,221.8,92.4,235.2,319
Sweet Potato Halwa,185,Breakfast,1,Veg,254,5.1,5.3,14.7,47.1,3.7,3.2,117.8,104,399.1,689
chum chum,250,Breakfast,1,Veg,255,8.4,10.4,12.4,35.7,0.1,5.4,233.4,144.8,92.9,835
misal tarri,230,Breakfast,1,Veg,256,16.4,0,0,21,0,6.1,0,0,0,869
Bread Pakora,100,Breakfast,1,Veg,257,5,0,33.9,42,7.7,11.3,31.2,161.4,362,95
Dal Tadka,115,Lunch,1,Veg,259,10.7,0,4,28.9,4.9,12,39.8,115.6,128.2,223
Roasted Vegetable Quinoa,207,Lunch,1,Veg,260,7.5,0,300,30,6,9.5,60,80,170,613
Plain Paratha,265,Lunch,1,Veg,260,8.99,0,375,38.94,7.6,5.16,20,151.6,10.9,515
Sweet Potato and Black Bean Tacos,200,Lunch,1,Veg,260,6.5,0,300,30.5,6,10.5,60,80,170,692
Veggie Quesadilla,235,Lunch,1,Veg,260,9,0,280,30.5,5.8,11.3,70,90,180,774
Quinoa Bowl,265,Lunch,1,Veg,260,7,0,310,40,6.8,9.5,70,100,200,541
Gobi Manchurian,220,Breakfast,1,Veg,260,12,0,350,25,3,8,50,80,120,283
Stuffed Bell Peppers with Turkey,280,Lunch,1,Veg,260,12,40,400,10,2,30,60,150,300,682
Mushroom and Spinach Quinoa,215,Lunch,1,Veg,260,7.5,0,300,30,6,9.5,60,80,170,461
Spinach and Feta Stuffed Chicken,185,Lunch,1,Veg,260,12,70,400,5,0,35,60,150,300,662
Veggie Quinoa Tacos,215,Lunch,1,Veg,260,6,0,300,30.5,6,11.3,60,80,160,780
suji halwa,170,Breakfast,1,Veg,261,10.9,25.6,42.8,38.7,0.8,4,44,0,126.9,895
Waffles Using Eggs,185,Lunch,1,Non Veg,262,12.6,30.2,94.5,28.9,0.1,6.8,69.9,109.9,66.8,788
sabudana khichdi,94,Breakfast,1,Veg,262,11,0,256,38,2.6,4.5,27,54,403.1,887
vada pao,235,Breakfast,1,Veg,263,9.5,18,209,37,3.8,7.5,36,0,357.8,905
misal pav,227,Breakfast,1,Veg,263,7.4,0,293,50,8.4,10.1,11,0,615.7,868
Vegetable Sandwich,155,Lunch,1,Veg,266,8.7,25,118.8,41.2,3.7,5.8,51.8,60.4,225.1,764
Easy Cheesy Vegetable Pasta,500,Lunch,1,Veg,267,6.9,22.9,211.2,37.2,2.7,11.2,227.3,199.2,122,238
Eggless Vanilla cake ,200,Breakfast,1,Veg,269,12.2,13.8,185,36.1,0.1,3.6,7.5,40.4,43.7,252
Bajra Khichdi,136,Lunch,1,Veg,270,6,0,350,45,7,8,60,80,150,44
Quinoa Stuffed Peppers,233,Lunch,1,Veg,270,7.5,0,340,30,6.8,12.5,80,110,250,562
Poha,142,Lunch,1,Veg,270,3,0,8.2,52,2.9,6,25,128,90,516
Brown Rice Khichdi,250,Lunch,1,Veg,270,7,0,320,45,6.8,9.5,70,110,250,105
Quinoa Veggie Burger,160,Lunch,1,Veg,270,8,0,310,30.5,6,11.5,60,80,170,569
Veggie Quinoa Burger,110,Lunch,1,Veg,270,8.5,0,320,30,5.5,14.2,70,100,200,775
Black Bean Stuffed Sweet Potato,220,Lunch,1,Veg,270,8.5,0,310,30,7,11.2,60,80,170,88
Chana Dal,200,Lunch,1,Veg,270,9,0,500,35,8,12,40,80,180,137
Sweet Potato and Black Bean Chili,263,Lunch,1,Veg,270,10,0,400,30,8,15,80,100,300,691
Stuffed Bell Peppers with Quinoa,133,Lunch,1,Veg,270,7.5,0,310,25.5,5.6,9.8,50,70,150,681
Rajma Masala,210,Lunch,1,Veg,270,6,0,600,40,12,15,80,100,250,591
dried suran,190,Breakfast,1,Veg,271,1.8,0,0,86,18,5.6,0,0,0,843
Besan Paratha,310,Lunch,1,Veg,272,16.4,0,17.1,25.8,5.3,6.2,24.2,133.6,190.8,67
Achaari Paneer Tikka,165,Lunch,1,Veg,274,21.9,8,9.6,7,0,9.5,364.7,216.1,48.5,3
fafda ganthia,175,Breakfast,1,Veg,275,21.2,0,470.7,15.1,2,6,20,0,0,846
Eggless Sponge Cake,200,Breakfast,1,Veg,276,9.6,18.3,311.1,42.2,0.1,6.1,119.8,56,185.6,251
Paneer Pulao,105,Lunch,1,Veg,276,11.2,4.4,17.7,35.5,1.9,7.9,193.6,174.9,60.5,492
Chicken thigh,360,Lunch,1,Non Veg,278,18,166,226,0.1,0,31,14,0,330.2,171
kanha pav,215,Breakfast,1,Veg,279,2.6,0,379,56.4,1.8,7.2,0,0,0,853
Chow Mein,51,Breakfast,1,Veg,280,8,20,350,30,4,15,60,100,200,186
oats chilla,130,Breakfast,1,Veg,280,0,0,22.4,31.6,6.4,8,12,0,257.2,872
Methi Malai Matar,440,Lunch,1,Veg,280,14.5,25,350,30.3,5.6,9.8,60,100,200,423
Roasted Vegetable Pasta,100,Lunch,1,Veg,280,10,0,320,35,5.5,11.8,70,90,180,612
Baked Sweet Potato with Black Beans,130,Lunch,1,Veg,280,7.5,0,320,40,8,10,80,110,250,56
Quinoa Pulao,200, Lunch,1,Veg,280,6.5,0,280,45.5,6.8,10.3,70,120,250,551
Chilli Paneer,165,Breakfast,1,Veg,280,14.7,25,320,25.6,3.7,13.2,70,100,200,180
Nargisi Kofta,230,Lunch,1,Veg,280,11,30,300,30,4,12,60,70,140,467
Matar Paneer,515,Lunch,1,Veg,280,12,25,600,20,4,15,70,100,250,415
Aloo Paratha,135,Breakfast,1,Veg,280,10,0,350,40,5,6,40,80,150,18
Dal Dhokli,141,Lunch,1,Veg,280,7,0,300,40,6,12,50,90,200,217
Gajar Halwa,520,All,1,Veg,280,12,10,200,35,3,5,60,80,120,270
Veg Manchurian,105,Lunch,1,Veg,280,15,0,550,35,5,10,60,100,200,747
Rajasthani Mirchi Vada,185,Breakfast,1,Veg,280,12,0,350,25,4,8,30,60,150,588
Kachori,360,Breakfast,1,Veg,280,12,5,400,25,4,10,40,70,150,338
Aloo Gobi Masala,285,Lunch,1,Veg,280,10,0,400,25,5,8,60,100,250,14
Rice Kheer,285,All,1,Veg,280,10,15,250,30,2,7,40,70,150,607
Quinoa Stuffed Acorn Squash,350,Lunch,1,Veg,280,8,0,320,25.5,5.5,12.5,70,90,180,559
Stuffed Acorn Squash with Quinoa,105,Lunch,1,Veg,280,7.5,0,320,25.5,5.5,12.5,60,80,170,679
Chicken Tikka,125,Breakfast,1,Non Veg,280,15,40,600,20,3,22,80,150,300,168
Butter Naan,208,Lunch,1,Veg,280,10,0,350,35,3,5,40,60,120,110
Veggie Quinoa Casserole,285,Lunch,1,Veg,280,8,0,320,35,6,10.5,60,80,180,776
Chilli Chicken,200,Lunch,1,Non Veg,280,14,25,350,25,3,18,70,100,250,178
Chana Masala,280,Lunch,1,Veg,280,10,0,500,30,7,12,70,100,200,138
Litti Chokha,457,Lunch,1,Veg,280,8,0,350,30,6,12,60,90,200,390
Shahi Tukda,125,All,1,Veg,280,12,20,250,30,2,5,40,60,100,640
Raj Kachori,105,Breakfast,1,Veg,280,9.5,0,300,35,5,10,70,80,160,582
Salmon and Asparagus Foil Pack,360,All,1,Non Veg,280,15,60,450,10,4,30,80,150,300,623
Wai Wai Noodles,185,Breakfast,1,Veg,280,12,0,700,40,2,5,20,60,150,789
Zucchini Lasagna,200,Lunch,1,Veg,280,12,25,400,30,6,15,70,100,200,802
Sargemba,240,Lunch,1,nonVeg,280,15,0,450,25,3,10,30,100,200,628
Baked Eggplant Parmesan,250,Lunch,1,Veg,280,10,15,350,30,6.5,12,60,90,200,49
Palak Paneer,165,Lunch,1,Veg,280,15,20,600,15,8,20,100,120,250,487
Soybean Curry,230,Lunch,1,Veg,280,12,0,450,20,8,18,100,150,300,648
Kheer,105,All,1,Veg,280,10,20,250,35,1,5,40,50,100,364
Quinoa Sushi Rolls,142,Lunch,1,Veg,280,7.5,0,320,45,6.8,10.5,70,100,200,564
Stuffed Chicken Breast,235,Lunch,1,Non Veg,280,14,60,450,5,0,30,70,150,300,683
Gobhi Manchurian,140,Lunch,1,Veg,280,14,0,600,30,5,8,50,90,180,282
lamb rogan josh,170,Lunch,1,noonVeg,280,17,70,320,8,2,23,11.2,0,420,857
Roasted Chicken Thighs,120,Lunch,1,Non Veg,280,15,70,400,5,0,35,60,150,300,610
Chowmein,222,Breakfast,1,Veg,280,10,0,600,35,4,15,20,60,200,187
Quinoa and Black Bean Bowl,320,Lunch,1,Veg,280,10,0,400,35,8,12,70,110,300,572
Badam Halwa,115,Breakfast,1,Veg,282,20.2,3,3.8,20.5,0.3,3.5,68.7,89.6,127.9,37
Badam Ko Halwa,180,Lunch,1,Veg,282,20.2,3,3.8,20.5,0.3,3.5,68.7,89.6,127.9,38
Chocolate cake,550,Breakfast,1,Veg,283,15,37.4,282,32,0.6,5.4,109,161,167,183
Bhel Puri,125,Breakfast,1,Veg,285,12,32.2,38.4,40,3.4,5,101.8,48.9,1.3,76
Chilli Coriander Fried Rice,175,Lunch,1,Veg,287,12.8,0,1.8,39.4,2.2,3.5,10.5,0,7.7,179
Quick Potato Curry,270,Lunch,1,Veg,287,15.5,0,28.4,34.2,3.5,3.2,73.2,0,453.3,536
Caramel Custard,95,Lunch,1,Veg,287,10.1,6,70.6,40.5,0,8.9,235.8,103.8,219.2,119
Dum Aloo,192,Lunch,1,Veg,290,14,0,350,30,5,8,60,90,200,237
Mushroom Quinoa Risotto,185,Lunch,1,Veg,290,9.5,0,330,35.2,6.8,12.4,70,90,190,456
Quinoa Khichdi,110,Lunch,1,Veg,290,6.5,0,340,50.5,7.5,8.9,80,120,250,547
Baigan Ka Bharta,120,Lunch,1,Veg,290,12,0,350,30,5,8,60,90,150,41
Veggie Quinoa Pizza,200,Lunch,1,Veg,290,9,0,330,35,6,13.2,70,90,190,777
Quinoa Black Bean Chili,105,Lunch,1,Veg,290,7,0,330,40,7.5,14.8,70,90,190,539
Dal Rice ,208,Lunch,1,Veg,293,5.8,12,486,48,9.5,13,48,0,497.7,221
Fish Biryani,110,Lunch,1,Non Veg,296,10,50,413,31,1.3,19,39,0,575.8,260
pav bhaji,232,Breakfast,1,Veg,297,21,0,0,21,0,6,0,0,0,878
Dalia kheer,175,Breakfast,1,Veg,297,14.6,12.8,16.1,35,0.4,6.1,188,182.7,119.2,225
Masoor Biryani,216,Lunch,1,Veg,298,4,0,11.4,53.7,5.2,11.6,64.6,216.8,461.7,410
Chicken Curry,208,Lunch,1,Non Veg,300,12,30,700,20,5,25,70,150,300,158
Misal Pav,133,Breakfast,1,Veg,300,15,10,400,25,5,10,40,70,150,431
Pongal,145,Lunch,1,Veg,300,6,0,50,50,1.5,8,37.3,51.5,146.8,519
Nepali Pizza,360,Breakfast,1,Veg,300,12,25,550,35,5,18,40,120,250,471
Sukuti,200,Breakfast,1,Non Veg,300,15,20,500,2,0,25,10,90,180,688
aloo naan,146,Breakfast,1,Veg,300,11,0.8,370,46,8.7,6.1,28,44,315.9,807
Rajasthani Laal Maas,215,Lunch,1,Veg,300,13,90,320,30,5,20,80,90,180,587
Gajar Ko Halwa,187,All,1,Veg,300,12,10,200,30,2,6,50,70,120,273
Vegetable Pulao,192,Lunch,1,Veg,300,10,0,700,45,6,8,40,80,180,761
Baingan Bharta,56,Lunch,1,Veg,300,15,0,500,20,5,10,40,80,200,43
Jalebi,171,Breakfast,1,Veg,300,15,5,100,40,0,2,20,40,80,330
Puliyogare,207,Lunch,1,Veg,300,12,0,350,30,3,6,60,90,200,530
aloo roti,208,Breakfast,1,Veg,300,10.6,0.8,369.6,54.2,9.7,6.1,10,0,315.8,812
Black Bean Quinoa Bowl,200,Lunch,1,Veg,300,8.5,0,350,40.5,7,13.2,80,100,220,87
Mushroom Matar,215,Lunch,1,Veg,300,15.2,30,340,30.6,5.9,10.1,60,90,200,455
Chicken Masala,125,Lunch,1,Non Veg,300,15,30,350,30,5,20,80,120,250,164
turkey sandwich,105,Breakfast,1,Veg,300,7,40,810,35,2,20,60,0,0,903
Malpua,207,All,1,Veg,300,12,10,200,35,2,6,40,70,120,397
Masala Dosa,133,All,1,Veg,300,12,5,450,35,3,6,40,70,180,407
Sabudana Khichdi,192,All,1,Veg,300,10,0,200,50,3,5,30,60,100,618
Matar Pulao,140,Lunch,1,Veg,300,10,0,500,45,3,8,40,80,200,416
Grilled Salmon,163,All,1,Non Veg,300,15,70,400,0,0,40,80,200,350,301
Rajasthani Kadhi,133,Lunch,1,Veg,300,12,5,450,30,6,10,40,80,200,585
sandwich,125,Breakfast,1,Veg,302,11,23,711,29,7,23,0,0,0,889
fafda,166,Breakfast,1,Veg,303,24,0,413,19,3,6,17,56,238,845
Fish Curry,320,Lunch,1,Non Veg,307,15,109,745,6.1,1.1,36,70,0,711.2,261
Fish Curry,200,Lunch,1,Non Veg,320,18,50,900,25,4,30,120,150,350,261
Kachila,333,Lunch,1,nonVeg,320,18,30,800,20,3,25,40,120,250,337
Egg Curry,306,Breakfast,1,Non Veg,320,15,300,650,25,3,20,70,140,250,243
Kadhi Pakora,500,Lunch,1,Veg,320,15,10,450,30,3,12,30,90,180,344
Kheer Roti,280,Lunch,1,Veg,320,12,10,250,40,2,5,35,70,150,365
Veg Pulao,400,Lunch,1,Veg,320,12,0,550,45,4,10,40,90,200,748
Chole Kulche,700,Breakfast,1,Veg,320,14,0,450,30,6,8,40,90,200,185
Samosa Chaat,272,Breakfast,1,Veg,320,16,0,300,30,6,6,40,70,180,626
Rajasthani Kadhi Pakora,333,Lunch,1,Veg,320,15,10,500,35,6,8,40,100,180,586
Kakaro ko achar,283,Lunch,1,Veg,321,5,15,489,21,7,11,532,33.7,418,347
Avocado,303,All,1,Veg,322,29,0,14,17,13,4,24,433,974,32
Kadai Paneer Subzi,275,Lunch,1,Veg,325,25.5,0,15.6,12.7,2.6,11.1,402.6,231.9,216.5,342
Kadai Paneer,433,Lunch,1,Veg,325,25.5,0,15.6,12.7,2.6,11.1,402.1,70,87,341
Rajma Chawal,400,Lunch,1,Veg,325,6,0,0.1,55,2.5,12,68.7,89.6,127.9,589
Schezuan Fried Rice,108,Lunch,1,Veg,327,18,0,689.2,37.4,2.6,3.8,32.1,126.6,105,634
Pork Chop,222,Lunch,1,Non Veg,328,17,132,86,0,0,40,38,0,540.1,522
aloo palak paratha,193,Breakfast,1,Veg,330,12,0,690,47,5,8,78,0,263,809
Chicken Tikka Masala,315,Lunch,1,Non Veg,330,23,2.9,6.8,12,0.4,20,78,90,89,169
Rasmalai,212,Breakfast,1,Veg,331,13.1,32.2,38.4,33.6,0.1,8.7,426.3,262.4,193.5,600
Egg Roll,300,Lunch,1,Non Veg,334,21.9,7.5,235.4,24.7,1.8,10.6,51.2,158.4,91.8,245
bataka poha,480,Breakfast,1,Veg,335,6,0,500,68,3,5,0,0,446,817
Basundi,228,Breakfast,1,Veg,336,15.8,34.7,41.4,26.8,0.1,10,459.7,297.3,219.7,61
Paneer Tikka Masala,138,Lunch,1,Veg,340,16,30,400,25,5,18,70,100,200,494
Almond Cookie Tiramisu,186,Lunch,1,Veg,342,13.9,0,165.2,49.6,8,6.2,0.4,0,165.2,5
Vegetable Biryani,286,Lunch,1,Veg,350,12.5,0,15.7,45,2.8,12.5,37.3,51.5,146.8,753
Pav Bhaji,290,Breakfast,1,Veg,350,12.5,1.8,12.2,55,1.6,12.5,9.4,39.1,43.7,502
Butter Chicken,450,Lunch,1,Non Veg,350,17.5,2.9,6.8,12.5,2.6,22.5,402.1,70,87,109
Vangi Bath,300,Lunch,1,Veg,350,6,4.2,1.9,12.5,17.5,6,152.7,783,79.5,742
Buff Curry,400,Lunch,1,Non Veg,350,20,30,700,25,3,30,80,180,350,107
Pakku,214,Lunch,1,nonVeg,350,20,35,900,15,2,30,50,150,300,482
Ghee Rice,214,Lunch,1,Veg,350,12.5,0,11.4,55,2.5,3.5,38.5,77.4,244,279
Bisibele Bath,271,Lunch,1,Veg,350,7,0,24.3,60,3.4,9,63.6,114.2,318.4,85
Chicken Shawarma,500,Lunch,1,Non Veg,350,17.5,0,9.6,35,3,22.5,35.5,138.1,208.7,166
Pav Bhaji,340,Breakfast,1,Veg,350,20,0,600,40,8,10,60,100,200,502
Korma,320,Lunch,1,Veg,350,18,25,400,35,4,20,80,120,250,372
Chicken Fried Rice,171,Lunch,1,Non Veg,350,12.5,0,17.1,35,3.3,22.5,54.1,91.8,78.3,159
Daal Baati Churma,212,Lunch,1,Veg,350,10,0,400,40,5,15,70,100,250,211
Chicken Biryani,280,Lunch,1,Non Veg,350,15,40,800,50,5,20,60,150,300,156
Chicken Curry,323,Lunch,1,Non Veg,350,17.5,4,26.3,12.5,3.7,22.5,137.9,119.5,124.7,158
Chicken Korma,200,Lunch,1,Non Veg,350,17.5,0,15.7,7.5,0.7,22.5,125.5,86.8,45.5,161
Chicken Curry,191,Lunch,1,Non Veg,350,17.5,0,3.1,12.5,3.2,22.5,21.6,88.9,83.6,158
Mutton Curry,250,Lunch,1,Non Veg,350,17.5,4.4,17.7,12.5,3.3,17.5,43.8,78.6,320.4,463
Dal Makhani,454,Lunch,1,Veg,350,15,5,550,40,8,10,30,80,200,219
Kofta Curry,350,Lunch,1,Veg,350,18,25,500,20,4,15,80,100,250,370
Puri Bhaji,257,Breakfast,1,Veg,350,15,5,450,40,4,10,30,80,180,532
Mysore Masala Dosa,333,Lunch,1,Veg,350,15,5,500,40,4,8,30,80,150,465
Chicken Biryani,416,Lunch,1,Non Veg,350,17.5,0,7.1,55,12,22.5,118,186.6,453.6,156
Chicken Curry,260,Lunch,1,Non Veg,350,17.5,0,7.9,12.5,3.9,22.5,299.8,567.2,95,158
Kheema,316,Lunch,1,Veg,350,18,40,700,25,4,20,80,150,300,363
Vada Pav,147,Breakfast,1,Veg,350,15,5,400,30,4,8,25,60,150,740
Bisi Bele Bath,266,Lunch,1,Veg,350,15,5,600,40,6,8,40,80,250,84
Rajasthani Dal Bati,160,Lunch,1,Veg,350,15,0,400,30,6,10,60,90,200,584
Rajma Chawal,175,Lunch,1,Veg,350,10,5,600,50,8,15,50,100,250,589
Mesu,500,Breakfast,1,Veg,352.4,2.6,0,2.8,55.6,0,27,7.9,0,282,421
Khalpi,120,Breakfast,1,Veg,356,2.6,0,2.3,70.9,0,0,2.3,0,125,361
Bread Kofta curry,150,Lunch,1,Veg,358,21.1,4.2,19.9,34.7,4.2,7.1,105.9,107.5,245.8,94
Mocha latte,171,Breakfast,1,Veg,359,13,48,207,47,1.1,13,466,0,679.9,439
Mocha,100,Breakfast,1,Veg,359,13,48,207,47,1.1,13,466,0,679.7,438
Butter Chicken,140,Lunch,1,Non Veg ,360,22,0,15.6,9,0.7,34,17.5,18.7,95.5,109
toasted cheese sandwich,115,Breakfast,1,Veg,366,23,63,866,28,1.4,12,647,0,185.3,899
Fried Chicken,150,Lunch,1,Non Veg,377,21,126,118,4.4,0.1,40,24,0,327.6,264
Malai Kofta,100,Lunch,1,Veg,380,20,30,600,25,3,18,90,120,280,395
Keema Pav,94,Breakfast,1,Veg,380,18,35,700,30,3,20,70,150,300,357
Chicken Tikka Masala,94,Lunch,1,Non Veg,380,19.5,40,480,35,5.4,21.6,80,120,300,169
Rajma Rice,105,Lunch,1,Veg,380,15,5,600,50,6,12,70,100,250,592
Chicken Biryani,150,Lunch,1,Non Veg,380,12,96,114,50,1.9,20,105.1,69,79.5,156
Tandoori Chicken,70,Breakfast,1,Non Veg,380,20,90,700,15,3,25,70,120,300,696
Prawn Curry,90,Lunch,1,Non Veg,380,20,45,500,35,6,25,80,130,300,525
Kadai Paneer,45,Lunch,1,Veg,380,18,25,600,20,3,15,80,100,250,341
Veg Biryani,70,Lunch,1,Veg,380,15,0,550,40,6,8,50,100,200,743
masala bhat,80,Breakfast,1,Veg,381,24.6,0,43.5,33.9,6.3,7.8,4.5,0,288.9,862
Besan ko Subzi,68,Lunch,1,Veg,385,23.7,16.6,45,25.8,5.3,11.6,237.2,249.1,341.8,69
Gajar ko Halwa,85,Breakfast,1,Veg,386,21.7,0,31.3,41.8,3.9,5.6,299.8,567.2,95,275
Tickling Timur,66,Breakfast,1,Veg,386,24.5,3,6,38.3,4.9,4.2,39,0,147,706
Masala Dosa,63,Lunch,1,Veg,387,5.6,0,37.5,77,1.9,7,57.2,34.8,514.5,407
Coconut,62,All,1,Veg,388,24,0,242,44,8.4,2.7,9.4,654,306.9,191
Hazelnut,70,Breakfast,1,Veg,388,36,0.5,0,10,5.4,8.6,70,0,428,317
masala puri,51,Breakfast,1,Veg,388,21,0,204,42,12,11,89,0,711.9,864
Sidra ,63,Lunch,1,Non Veg,395,12.5,0,48,38.8,8.9,35,38.7,0,0,643
misal masala,45,Breakfast,1,Veg,397,11.4,0,418,106,47,14.6,75,0,0,867
Rajasthani Dal Baati,50,Lunch,,Veg,400,18,0,600,40,8,15,50,100,250,583
Pistachio,48,Breakfast,1,Veg,400,30,0.4,300,20,10,20,80,0,700,513
Mutton Biryani,50,Lunch,1,Non Veg,400,18,40,500,50,3,20,60,110,250,462
Dhansak,48,Lunch,1,Veg,400,20,40,800,35,6,18,50,120,300,228
Chicken Biriyani,47,Lunch,1,Non Veg,400,20,35,750,45,4,28,70,160,300,155
Pav Bhaji,40,Breakfast,1,Veg,400,14.5,42,170.5,57.9,4.5,9.4,70.2,156.8,255.9,502
Khaja Set,45,Lunch,1,Veg,400,15,50,900,50,5,25,100,200,350,360
Paneer Butter Masala,34,Lunch,1,Veg,400,20,30,700,25,3,18,80,120,300,490
Rogan Josh,41,Lunch,1,Veg,400,22,45,750,30,3,25,90,160,350,615
Chhurpi,45,Breakfast,1,Veg,409,6.1,0,4.7,31.6,0.4,65.3,44.1,0,0,149
Egg Biryani,35,Lunch,1,Non Veg,410,23.3,5.8,18.6,37.9,2.4,11.4,59.3,0,49.8,242
Shahi Paneer,42,Lunch,1,Veg,420,22,30,700,25,2,20,100,150,300,639
Mutton Curry,37,Lunch,1,Non Veg,420,22,50,550,45,6,28,90,140,350,463
Kadai Chicken,22,Breakfast,1,Veg,420,25,55,800,35,4,22,80,150,350,340
khoa,32,Lunch,1,Veg,421,25.9,32,28.8,20.5,0.3,20,28,97.6,0,854
Chole Bhature,60,Breakfast,1,Veg,427,20.1,1.5,16.2,50.3,12,10.8,118,186.6,453.6,184
aloo pie,110,Breakfast,1,Veg,434,11,0,291,74,5.1,9.5,35,567,933.5,811
Black Forest Cake,92,Breakfast,1,Non Veg,441,33.3,9.3,65,42,0.5,5.5,44,161,355,90
Chicken Roti,120,Lunch,1,Non Veg,447,16,74,351,39,4.8,36,103,0,556.8,165
Vegetable Biryani,70,Lunch,1,Veg,448,18.2,4,26.3,60.8,5.7,8.9,155.3,268.8,238.2,753
Tamarind Rice,70,Lunch,1,Veg,450,7,4.2,46.7,55,17.5,7,76.4,0,9.8,695
Butter Chicken,100,Lunch,1,Non Veg,450,25,50,800,30,4,20,90,150,350,109
Hyderabadi Biryani,83,Lunch,1,Non Veg,450,25,40,800,50,6,30,70,150,350,323
Chole Bhature,75,Lunch,1,Veg,450,18,0,1.7,60,2.9,11,47.1,74.6,161.8,184
Chole Bhature,62,Breakfast,1,Veg,450,17.5,5,28.8,55,0,12.5,101.8,48.9,1.3,184
Puttu,50,Lunch,1,Veg,450,4,4.2,120.8,55,17.5,4,39.4,262.4,1.3,534
Mutton Biryani,55,Lunch,1,Non Veg,450,17.5,0,4.7,55,3.3,22.5,51.5,138.2,304.8,462
Chicken Biryani,30,Lunch,1,Non Veg,450,17.5,0,1.9,55,0.4,22.5,442.5,0,398,156
Rajma Chawal,45,Lunch,1,Veg,450,17.5,0,15.6,55,89,22.5,56,78,89,589
Dhido,45,All ,1,Veg,455,5.1,4.8,89,89,4.2,13,17,86,266.6,230
Somar,55,Breakfast,1,Veg,466,15.4,0,30,46.9,3.1,35,31.2,0,0,646
Chow Mein,43,Breakfast,1,Veg,475,15,0,11.1,73,8,8,20,0,189.4,186
paneer sandwich,46,Breakfast,1,Veg,476,27.5,42.1,1502,45.3,4.4,17.6,46,98,404.8,875
bacon,42,Lunch,1,nonVeg,483,36,102,1743,0.6,0,36,11.4,0,516.6,815
Kauli Aloo,47,Lunch,1,Veg,490,30,0,50,30,0,0,90,67,760,356
Vegetable Burger,50,Breakfast,1,Veg,490,24.8,27.5,658.8,59.3,4.2,12.3,239.7,237.5,226.4,755
bara,45,Breakfast,1,Veg,499,24.3,0,0,59.1,13.5,13.8,0,0,0,816
Chole Bhature,80,Breakfast,1,Veg,500,25,15,1000,60,8,10,50,200,400,184
Mutton Rogan Josh,100,Lunch,1,Non Veg,500,30,60,900,20,3,25,100,200,400,464
chole Bhature,100,Breakfast,1,Veg,511,27,5.7,507,59,11,13,122,0,526.3,834
masala peanut,250,Breakfast,1,Veg,512,42,0,316,24,7.2,20,72,0,574.1,863
Vegan lentil momo,60,Breakfast,1,Veg,530,10.1,0,609,84.9,0,21.9,0,0,0,752
lakhamari,80,Breakfast,1,Veg,542,33.5,0,63.2,54,0,5.7,0,0,119,855
Chatamari,150,Lunch,1,Veg,550,20,215,203,65,2,23,122,0,315,141
puri tarkari,100,Breakfast,1,Veg,608,23.2,0,1189.6,91.7,10.2,12.4,12,345,1184.4,884
Fish Fry,35,Lunch,1,Non Veg,688,26,148,108,71,4.9,4.9,188,0,1468,262
Chhena,70,Breakfast,1,Veg,719,39.3,96,114,33.3,0.5,26.1,1281,783,621,143
